Setpoint,PID_Output,Planta_Output
48.00,20.84,29.62
48.00,20.84,29.85
48.00,20.32,30.09
48.00,20.32,30.31
48.00,20.06,30.54
48.00,20.06,30.54
48.00,20.24,30.76
48.00,20.24,30.98
48.00,19.73,31.21
48.00,19.73,31.43
48.00,19.91,31.43
48.00,19.91,31.65
48.00,19.40,31.87
48.00,19.40,32.08
48.00,19.14,32.30
48.00,19.14,32.51
48.00,19.30,32.51
48.00,19.30,32.72
48.00,18.81,32.94
48.00,18.81,33.14
48.00,18.56,33.35
48.00,18.56,33.35
48.00,18.71,33.55
48.00,18.71,33.76
48.00,18.23,33.97
48.00,18.23,34.17
48.00,17.98,34.37
48.00,17.98,34.37
48.00,18.12,34.56
48.00,18.12,34.76
48.00,17.65,34.96
48.00,17.65,35.15
48.00,17.79,35.15
48.00,17.79,35.35
48.00,17.33,35.54
48.00,17.33,35.73
48.00,17.08,35.92
48.00,17.08,35.92
48.00,17.21,36.11
48.00,17.21,36.30
48.00,16.76,36.49
48.00,16.76,36.67
48.00,16.51,36.85
48.00,16.51,36.85
48.00,16.63,37.03
48.00,16.63,37.21
48.00,16.19,37.39
48.00,16.19,37.57
48.00,16.31,37.57
48.00,16.31,37.74
48.00,15.87,37.92
48.00,15.87,38.09
48.00,15.64,38.26
48.00,15.64,38.43
48.00,15.74,38.43
48.00,15.74,38.60
48.00,15.32,38.77
48.00,15.32,38.94
48.00,15.09,39.10
48.00,15.09,39.10
48.00,15.18,39.27
48.00,15.18,39.43
48.00,14.77,39.59
48.00,14.77,39.75
48.00,14.55,39.91
48.00,14.55,39.91
48.00,14.63,40.07
48.00,14.63,40.22
48.00,14.24,40.38
48.00,14.24,40.53
48.00,14.32,40.53
48.00,14.32,40.69
48.00,13.93,40.84
48.00,13.93,40.99
48.00,13.71,41.14
48.00,13.71,41.14
48.00,13.78,41.28
48.00,13.78,41.43
48.00,13.41,41.58
48.00,13.41,41.72
48.00,13.19,41.86
48.00,13.19,41.86
48.00,13.26,42.00
48.00,13.26,42.14
48.00,12.89,42.28
48.00,12.89,42.42
48.00,12.96,42.42
48.00,12.96,42.55
48.00,12.60,42.69
48.00,12.60,42.82
48.00,12.39,42.96
48.00,12.39,43.09
48.00,12.45,43.09
48.00,12.45,43.22
48.00,12.10,43.35
48.00,12.10,43.47
48.00,11.90,43.60
48.00,11.90,43.60
48.00,11.95,43.73
48.00,11.95,43.85
48.00,11.61,43.98
48.00,11.61,44.10
48.00,11.66,44.10
48.00,11.66,44.22
48.00,11.33,44.34
48.00,11.33,44.46
48.00,11.14,44.57
48.00,11.14,44.69
48.00,11.18,44.69
48.00,11.18,44.81
48.00,10.86,44.92
48.00,10.86,45.03
48.00,10.67,45.15
48.00,10.67,45.15
48.00,10.70,45.26
48.00,10.70,45.37
48.00,10.40,45.48
48.00,10.40,45.58
48.00,10.21,45.69
48.00,10.21,45.69
48.00,10.24,45.79
48.00,10.24,45.90
48.00,9.95,46.00
48.00,9.95,46.10
48.00,9.97,46.10
48.00,9.97,46.20
48.00,9.68,46.31
48.00,9.68,46.40
48.00,9.51,46.50
48.00,9.51,46.50
48.00,9.53,46.60
48.00,9.53,46.70
48.00,9.25,46.79
48.00,9.25,46.88
48.00,9.27,46.88
48.00,9.27,46.98
48.00,9.00,47.07
48.00,9.00,47.16
48.00,8.83,47.25
48.00,8.83,47.34
48.00,8.84,47.34
48.00,8.84,47.43
48.00,8.58,47.52
48.00,8.58,47.60
48.00,8.42,47.69
48.00,8.42,47.69
48.00,8.43,47.77
48.00,8.43,47.85
48.00,8.18,47.94
48.00,8.18,48.02
48.00,8.18,48.02
48.00,8.18,48.10
48.00,7.94,48.18
48.00,7.94,48.25
48.00,7.79,48.33
48.00,7.79,48.33
48.00,7.79,48.41
48.00,7.79,48.48
48.00,7.55,48.56
48.00,7.55,48.63
48.00,7.55,48.63
48.00,7.55,48.71
48.00,7.33,48.78
48.00,7.33,48.85
48.00,7.18,48.92
48.00,7.18,48.99
48.00,7.18,48.99
48.00,7.18,49.06
48.00,6.96,49.13
48.00,6.96,49.19
48.00,6.82,49.26
48.00,6.82,49.26
48.00,6.81,49.32
48.00,6.81,49.39
48.00,6.60,49.45
48.00,6.60,49.51
48.00,6.59,49.51
48.00,6.59,49.57
48.00,6.39,49.64
48.00,6.39,49.70
48.00,6.26,49.76
48.00,6.26,49.76
48.00,6.24,49.81
48.00,6.24,49.87
48.00,6.05,49.93
48.00,6.05,49.98
48.00,6.03,49.98
48.00,6.03,50.04
48.00,5.85,50.09
48.00,5.85,50.15
48.00,5.72,50.20
48.00,5.72,50.25
48.00,5.70,50.25
48.00,5.70,50.30
48.00,5.53,50.36
48.00,5.53,50.40
48.00,5.41,50.45
48.00,5.41,50.45
48.00,5.39,50.50
48.00,5.39,50.55
48.00,5.22,50.60
48.00,5.22,50.64
48.00,5.19,50.64
48.00,5.19,50.69
48.00,5.03,50.73
48.00,5.03,50.78
48.00,4.92,50.82
48.00,4.92,50.82
48.00,4.89,50.86
48.00,4.89,50.91
48.00,4.74,50.95
48.00,4.74,50.99
48.00,4.71,50.99
48.00,4.71,51.03
48.00,4.56,51.07
48.00,4.56,51.11
48.00,4.46,51.14
48.00,4.46,51.14
48.00,4.43,51.18
48.00,4.43,51.22
48.00,4.28,51.26
48.00,4.28,51.29
48.00,4.18,51.33
48.00,4.18,51.33
48.00,4.15,51.36
48.00,4.15,51.39
48.00,4.02,51.43
48.00,4.02,51.46
48.00,3.99,51.46
48.00,3.99,51.49
48.00,3.86,51.52
48.00,3.86,51.55
48.00,3.77,51.58
48.00,3.77,51.58
48.00,3.73,51.61
48.00,3.73,51.64
48.00,3.61,51.67
48.00,3.61,51.69
48.00,3.57,51.69
48.00,3.57,51.72
48.00,3.46,51.75
48.00,3.46,51.77
48.00,3.37,51.80
48.00,3.37,51.80
48.00,3.33,51.82
48.00,3.33,51.85
48.00,3.22,51.87
48.00,3.22,51.89
48.00,3.14,51.92
48.00,3.14,51.92
48.00,3.10,51.94
48.00,3.10,51.96
48.00,3.00,51.98
48.00,3.00,52.00
48.00,2.96,52.00
48.00,2.96,52.02
48.00,2.86,52.04
48.00,2.86,52.06
48.00,2.79,52.08
48.00,2.79,52.08
48.00,2.75,52.10
48.00,2.75,52.11
48.00,2.66,52.13
48.00,2.66,52.15
48.00,2.62,52.15
48.00,2.62,52.16
48.00,2.53,52.18
48.00,2.53,52.19
48.00,2.46,52.21
48.00,2.46,52.21
48.00,2.42,52.22
48.00,2.42,52.24
48.00,2.33,52.25
48.00,2.33,52.26
48.00,2.29,52.26
48.00,2.29,52.28
48.00,2.22,52.29
48.00,2.22,52.30
48.00,2.15,52.31
48.00,2.15,52.32
48.00,2.11,52.32
48.00,2.11,52.33
48.00,2.04,52.34
48.00,2.04,52.35
48.00,1.98,52.36
48.00,1.98,52.36
48.00,1.93,52.37
48.00,1.93,52.38
48.00,1.87,52.38
48.00,1.87,52.39
48.00,1.82,52.39
48.00,1.82,52.40
48.00,1.76,52.40
48.00,1.76,52.41
48.00,1.71,52.42
48.00,1.71,52.42
48.00,1.66,52.42
48.00,1.66,52.43
48.00,1.60,52.43
48.00,1.60,52.44
48.00,1.56,52.44
48.00,1.56,52.44
48.00,1.51,52.44
48.00,1.51,52.45
48.00,1.46,52.45
48.00,1.46,52.45
48.00,1.41,52.45
48.00,1.41,52.45
48.00,1.36,52.46
48.00,1.36,52.46
48.00,1.32,52.46
48.00,1.32,52.46
48.00,1.27,52.46
48.00,1.27,52.46
48.00,1.23,52.46
48.00,1.23,52.46
48.00,1.18,52.46
48.00,1.18,52.46
48.00,1.14,52.46
48.00,1.14,52.46
48.00,1.10,52.46
48.00,1.10,52.46
48.00,1.05,52.46
48.00,1.05,52.46
48.00,1.02,52.45
48.00,1.02,52.45
48.00,0.97,52.45
48.00,0.97,52.45
48.00,0.94,52.45
48.00,0.94,52.44
48.00,0.90,52.44
48.00,0.90,52.44
48.00,0.86,52.44
48.00,0.86,52.43
48.00,0.82,52.43
48.00,0.82,52.42
48.00,0.79,52.42
48.00,0.79,52.42
48.00,0.75,52.41
48.00,0.75,52.41
48.00,0.72,52.40
48.00,0.72,52.40
48.00,0.68,52.40
48.00,0.68,52.39
48.00,0.65,52.39
48.00,0.65,52.38
48.00,0.62,52.37
48.00,0.62,52.37
48.00,0.58,52.37
48.00,0.58,52.36
48.00,0.56,52.35
48.00,0.56,52.34
48.00,0.51,52.34
48.00,0.51,52.34
48.00,0.49,52.33
48.00,0.49,52.32
48.00,0.47,52.31
48.00,0.47,52.31
48.00,0.42,52.30
48.00,0.42,52.30
48.00,0.41,52.29
48.00,0.41,52.28
48.00,0.38,52.27
48.00,0.38,52.27
48.00,0.34,52.26
48.00,0.34,52.25
48.00,0.33,52.24
48.00,0.33,52.23
48.00,0.29,52.23
48.00,0.29,52.22
48.00,0.28,52.21
48.00,0.28,52.20
48.00,0.26,52.19
48.00,0.26,52.19
48.00,0.22,52.18
48.00,0.22,52.17
48.00,0.21,52.15
48.00,0.21,52.14
48.00,0.17,52.14
48.00,0.17,52.13
48.00,0.16,52.12
48.00,0.16,52.11
48.00,0.14,52.10
48.00,0.14,52.10
48.00,0.10,52.08
48.00,0.10,52.07
48.00,0.10,52.06
48.00,0.10,52.05
48.00,0.06,52.05
48.00,0.06,52.03
48.00,0.06,52.02
48.00,0.06,52.01
48.00,0.04,52.00
48.00,0.04,51.98
48.00,0.00,51.98
48.00,0.00,51.97
48.00,0.01,51.96
48.00,0.01,51.94
48.00,-0.01,51.93
48.00,-0.01,51.93
48.00,-0.05,51.92
48.00,-0.05,51.90
48.00,-0.04,51.89
48.00,-0.04,51.87
48.00,-0.08,51.87
48.00,-0.08,51.86
48.00,-0.08,51.85
48.00,-0.08,51.83
48.00,-0.09,51.82
48.00,-0.09,51.80
48.00,-0.12,51.80
48.00,-0.12,51.79
48.00,-0.12,51.77
48.00,-0.12,51.76
48.00,-0.12,51.74
48.00,-0.12,51.74
48.00,-0.16,51.73
48.00,-0.16,51.71
48.00,-0.15,51.70
48.00,-0.15,51.68
48.00,-0.19,51.68
48.00,-0.19,51.67
48.00,-0.18,51.65
48.00,-0.18,51.64
48.00,-0.19,51.62
48.00,-0.19,51.61
48.00,-0.22,51.61
48.00,-0.22,51.59
48.00,-0.21,51.57
48.00,-0.21,51.56
48.00,-0.21,51.54
48.00,-0.21,51.54
48.00,-0.25,51.53
48.00,-0.25,51.51
48.00,-0.24,51.50
48.00,-0.24,51.48
48.00,-0.24,51.46
48.00,-0.24,51.46
48.00,-0.27,51.45
48.00,-0.27,51.43
48.00,-0.26,51.42
48.00,-0.26,51.40
48.00,-0.29,51.40
48.00,-0.29,51.38
48.00,-0.28,51.37
48.00,-0.28,51.35
48.00,-0.28,51.33
48.00,-0.28,51.33
48.00,-0.31,51.32
48.00,-0.31,51.30
48.00,-0.29,51.28
48.00,-0.29,51.27
48.00,-0.29,51.25
48.00,-0.29,51.25
48.00,-0.33,51.23
48.00,-0.33,51.22
48.00,-0.31,51.20
48.00,-0.31,51.18
48.00,-0.34,51.18
48.00,-0.34,51.17
48.00,-0.32,51.15
48.00,-0.32,51.13
48.00,-0.32,51.12
48.00,-0.32,51.10
48.00,-0.35,51.10
48.00,-0.35,51.08
48.00,-0.33,51.07
48.00,-0.33,51.05
48.00,-0.33,51.03
48.00,-0.33,51.03
48.00,-0.36,51.02
48.00,-0.36,51.00
48.00,-0.33,50.98
48.00,-0.33,50.97
48.00,-0.36,50.97
48.00,-0.36,50.95
48.00,-0.34,50.93
48.00,-0.34,50.92
48.00,-0.34,50.90
48.00,-0.34,50.88
48.00,-0.37,50.88
48.00,-0.37,50.86
48.00,-0.34,50.85
48.00,-0.34,50.83
48.00,-0.34,50.81
48.00,-0.34,50.81
48.00,-0.37,50.80
48.00,-0.37,50.78
48.00,-0.34,50.76
48.00,-0.34,50.75
48.00,-0.34,50.73
48.00,-0.34,50.73
48.00,-0.37,50.71
48.00,-0.37,50.70
48.00,-0.34,50.68
48.00,-0.34,50.66
48.00,-0.37,50.66
48.00,-0.37,50.65
48.00,-0.34,50.63
48.00,-0.34,50.61
48.00,-0.34,50.60
48.00,-0.34,50.60
48.00,-0.36,50.58
48.00,-0.36,50.56
48.00,-0.34,50.54
48.00,-0.34,50.53
48.00,-0.33,50.51
48.00,-0.33,50.51
48.00,-0.36,50.50
48.00,-0.36,50.48
48.00,-0.33,50.46
48.00,-0.33,50.45
48.00,-0.35,50.45
48.00,-0.35,50.43
48.00,-0.33,50.41
48.00,-0.33,50.40
48.00,-0.32,50.38
48.00,-0.32,50.36
48.00,-0.34,50.36
48.00,-0.34,50.35
48.00,-0.32,50.33
48.00,-0.32,50.31
48.00,-0.31,50.30
48.00,-0.31,50.30
48.00,-0.33,50.28
48.00,-0.33,50.26
48.00,-0.30,50.25
48.00,-0.30,50.23
48.00,-0.33,50.23
48.00,-0.33,50.22
48.00,-0.30,50.20
48.00,-0.30,50.18
48.00,-0.29,50.17
48.00,-0.29,50.15
48.00,-0.31,50.15
48.00,-0.31,50.14
48.00,-0.28,50.12
48.00,-0.28,50.10
48.00,-0.27,50.09
48.00,-0.27,50.09
48.00,-0.30,50.07
48.00,-0.30,50.06
48.00,-0.27,50.04
48.00,-0.27,50.03
48.00,-0.26,50.01
48.00,-0.26,50.01
48.00,-0.28,49.99
48.00,-0.28,49.98
48.00,-0.25,49.96
48.00,-0.25,49.95
48.00,-0.27,49.95
48.00,-0.27,49.93
48.00,-0.24,49.92
48.00,-0.24,49.90
48.00,-0.23,49.89
48.00,-0.23,49.89
48.00,-0.25,49.87
48.00,-0.25,49.86
48.00,-0.22,49.84
48.00,-0.22,49.83
48.00,-0.21,49.81
48.00,-0.21,49.81
48.00,-0.23,49.80
48.00,-0.23,49.78
48.00,-0.20,49.77
48.00,-0.20,49.75
48.00,-0.22,49.75
48.00,-0.22,49.74
48.00,-0.19,49.72
48.00,-0.19,49.71
48.00,-0.18,49.69
48.00,-0.18,49.68
48.00,-0.20,49.68
48.00,-0.20,49.66
48.00,-0.17,49.65
48.00,-0.17,49.64
48.00,-0.16,49.62
48.00,-0.16,49.62
48.00,-0.18,49.61
48.00,-0.18,49.59
48.00,-0.15,49.58
48.00,-0.15,49.56
48.00,-0.17,49.56
48.00,-0.17,49.55
48.00,-0.14,49.54
48.00,-0.14,49.52
48.00,-0.13,49.51
48.00,-0.13,49.49
48.00,-0.14,49.49
48.00,-0.14,49.48
48.00,-0.12,49.47
48.00,-0.12,49.45
48.00,-0.10,49.44
48.00,-0.10,49.44
48.00,-0.12,49.43
48.00,-0.12,49.41
48.00,-0.09,49.40
48.00,-0.09,49.39
48.00,-0.11,49.39
48.00,-0.11,49.37
48.00,-0.08,49.36
48.00,-0.08,49.35
48.00,-0.07,49.33
48.00,-0.07,49.32
48.00,-0.08,49.32
48.00,-0.08,49.31
48.00,-0.05,49.29
48.00,-0.05,49.28
48.00,-0.04,49.27
48.00,-0.04,49.27
48.00,-0.05,49.26
48.00,-0.05,49.24
48.00,-0.03,49.23
48.00,-0.03,49.22
48.00,-0.02,49.21
48.00,-0.02,49.21
48.00,-0.03,49.19
48.00,-0.03,49.18
48.00,-0.00,49.17
48.00,-0.00,49.16
48.00,-0.01,49.16
48.00,-0.01,49.14
48.00,0.01,49.13
48.00,0.01,49.12
48.00,0.02,49.11
48.00,0.02,49.11
48.00,0.01,49.10
48.00,0.01,49.08
48.00,0.04,49.07
48.00,0.04,49.06
48.00,0.05,49.05
48.00,0.05,49.05
48.00,0.04,49.04
48.00,0.04,49.03
48.00,0.06,49.01
48.00,0.06,49.00
48.00,0.05,49.00
48.00,0.05,48.99
48.00,0.08,48.98
48.00,0.08,48.97
48.00,0.09,48.96
48.00,0.09,48.96
48.00,0.08,48.95
48.00,0.08,48.94
48.00,0.10,48.93
48.00,0.10,48.91
48.00,0.09,48.91
48.00,0.09,48.90
48.00,0.12,48.89
48.00,0.12,48.88
48.00,0.13,48.87
48.00,0.13,48.87
48.00,0.12,48.86
48.00,0.12,48.85
48.00,0.14,48.84
48.00,0.14,48.83
48.00,0.14,48.83
48.00,0.14,48.82
48.00,0.16,48.81
48.00,0.16,48.80
48.00,0.17,48.79
48.00,0.17,48.78
48.00,0.16,48.78
48.00,0.16,48.77
48.00,0.18,48.76
48.00,0.18,48.75
48.00,0.20,48.74
48.00,0.20,48.74
48.00,0.19,48.73
48.00,0.19,48.72
48.00,0.21,48.71
48.00,0.21,48.70
48.00,0.20,48.70
48.00,0.20,48.69
48.00,0.23,48.68
48.00,0.23,48.67
48.00,0.24,48.66
48.00,0.24,48.66
48.00,0.23,48.65
48.00,0.23,48.64
48.00,0.25,48.63
48.00,0.25,48.63
48.00,0.24,48.63
48.00,0.24,48.62
48.00,0.27,48.61
48.00,0.27,48.60
48.00,0.28,48.59
48.00,0.28,48.58
48.00,0.27,48.58
48.00,0.27,48.57
48.00,0.29,48.56
48.00,0.29,48.56
48.00,0.30,48.55
48.00,0.30,48.55
48.00,0.30,48.54
48.00,0.30,48.53
48.00,0.32,48.52
48.00,0.32,48.51
48.00,0.31,48.51
48.00,0.31,48.51
48.00,0.33,48.50
48.00,0.33,48.49
48.00,0.34,48.48
48.00,0.34,48.48
48.00,0.34,48.47
48.00,0.34,48.46
48.00,0.36,48.46
48.00,0.36,48.45
48.00,0.35,48.45
48.00,0.35,48.44
48.00,0.37,48.43
48.00,0.37,48.43
48.00,0.38,48.42
48.00,0.38,48.42
48.00,0.38,48.41
48.00,0.38,48.40
48.00,0.40,48.40
48.00,0.40,48.39
48.00,0.41,48.38
48.00,0.41,48.38
48.00,0.40,48.37
48.00,0.40,48.37
48.00,0.42,48.36
48.00,0.42,48.35
48.00,0.42,48.35
48.00,0.42,48.35
48.00,0.43,48.34
48.00,0.43,48.33
48.00,0.44,48.33
48.00,0.44,48.33
48.00,0.44,48.32
48.00,0.44,48.31
48.00,0.46,48.31
48.00,0.46,48.30
48.00,0.45,48.30
48.00,0.45,48.29
48.00,0.47,48.29
48.00,0.47,48.28
48.00,0.48,48.27
48.00,0.48,48.27
48.00,0.48,48.27
48.00,0.48,48.26
48.00,0.49,48.25
48.00,0.49,48.25
48.00,0.50,48.24
48.00,0.50,48.24
48.00,0.50,48.24
48.00,0.50,48.23
48.00,0.52,48.22
48.00,0.52,48.22
48.00,0.51,48.22
48.00,0.51,48.21
48.00,0.53,48.21
48.00,0.53,48.20
48.00,0.54,48.20
48.00,0.54,48.20
48.00,0.54,48.19
48.00,0.54,48.18
48.00,0.55,48.18
48.00,0.55,48.17
48.00,0.55,48.17
48.00,0.55,48.17
48.00,0.56,48.16
48.00,0.56,48.16
48.00,0.57,48.15
48.00,0.57,48.15
48.00,0.57,48.15
48.00,0.57,48.14
48.00,0.58,48.14
48.00,0.58,48.13
48.00,0.58,48.13
48.00,0.58,48.13
48.00,0.60,48.12
48.00,0.60,48.12
48.00,0.60,48.11
48.00,0.60,48.11
48.00,0.60,48.11
48.00,0.60,48.10
48.00,0.62,48.10
48.00,0.62,48.09
48.00,0.63,48.09
48.00,0.63,48.09
48.00,0.62,48.08
48.00,0.62,48.08
48.00,0.64,48.07
48.00,0.64,48.07
48.00,0.64,48.07
48.00,0.64,48.07
48.00,0.65,48.06
48.00,0.65,48.06
48.00,0.66,48.05
48.00,0.66,48.05
48.00,0.66,48.05
48.00,0.66,48.04
48.00,0.67,48.04
48.00,0.67,48.04
48.00,0.67,48.04
48.00,0.67,48.03
48.00,0.68,48.03
48.00,0.68,48.02
48.00,0.69,48.02
48.00,0.69,48.02
48.00,0.69,48.02
48.00,0.69,48.01
48.00,0.70,48.01
48.00,0.70,48.01
48.00,0.70,48.00
48.00,0.70,48.00
48.00,0.70,48.00
48.00,0.70,47.99
48.00,0.71,47.99
48.00,0.71,47.99
48.00,0.71,47.99
48.00,0.71,47.98
48.00,0.73,47.98
48.00,0.73,47.98
48.00,0.73,47.97
48.00,0.73,47.97
48.00,0.73,47.97
48.00,0.73,47.97
48.00,0.74,47.96
48.00,0.74,47.96
48.00,0.74,47.96
48.00,0.74,47.96
48.00,0.75,47.96
48.00,0.75,47.95
48.00,0.76,47.95
48.00,0.76,47.95
48.00,0.76,47.95
48.00,0.76,47.94
48.00,0.77,47.94
48.00,0.77,47.94
48.00,0.77,47.93
48.00,0.77,47.93
48.00,0.77,47.93
48.00,0.77,47.93
48.00,0.78,47.93
48.00,0.78,47.92
48.00,0.78,47.92
48.00,0.78,47.92
48.00,0.79,47.92
48.00,0.79,47.92
48.00,0.80,47.91
48.00,0.80,47.91
48.00,0.80,47.91
48.00,0.80,47.91
48.00,0.81,47.91
48.00,0.81,47.90
48.00,0.81,47.90
48.00,0.81,47.90
48.00,0.82,47.90
48.00,0.82,47.90
48.00,0.82,47.89
48.00,0.82,47.89
48.00,0.82,47.89
48.00,0.82,47.89
48.00,0.83,47.89
48.00,0.83,47.89
48.00,0.84,47.88
48.00,0.84,47.88
48.00,0.84,47.88
48.00,0.84,47.88
48.00,0.84,47.88
48.00,0.84,47.88
48.00,0.85,47.88
48.00,0.85,47.87
48.00,0.85,47.87
48.00,0.85,47.87
48.00,0.86,47.87
48.00,0.86,47.87
48.00,0.86,47.87
48.00,0.86,47.86
48.00,0.87,47.86
48.00,0.87,47.86
48.00,0.87,47.86
48.00,0.87,47.86
48.00,0.87,47.86
48.00,0.87,47.86
48.00,0.88,47.85
48.00,0.88,47.85
48.00,0.88,47.85
48.00,0.88,47.85
48.00,0.89,47.85
48.00,0.89,47.85
48.00,0.89,47.85
48.00,0.89,47.85
48.00,0.89,47.84
48.00,0.89,47.84
48.00,0.90,47.84
48.00,0.90,47.84
48.00,0.90,47.84
48.00,0.90,47.84
48.00,0.90,47.84
48.00,0.90,47.84
48.00,0.91,47.84
48.00,0.91,47.84
48.00,0.91,47.83
48.00,0.91,47.83
48.00,0.91,47.83
48.00,0.91,47.83
48.00,0.92,47.83
48.00,0.92,47.83
48.00,0.92,47.83
48.00,0.92,47.83
48.00,0.93,47.83
48.00,0.93,47.83
48.00,0.93,47.83
48.00,0.93,47.82
48.00,0.93,47.82
48.00,0.93,47.82
48.00,0.93,47.82
48.00,0.93,47.82
48.00,0.94,47.82
48.00,0.94,47.82
48.00,0.94,47.82
48.00,0.94,47.82
48.00,0.94,47.82
48.00,0.94,47.82
48.00,0.95,47.82
48.00,0.95,47.82
48.00,0.95,47.81
48.00,0.95,47.81
48.00,0.95,47.81
48.00,0.95,47.81
48.00,0.96,47.81
48.00,0.96,47.81
48.00,0.96,47.81
48.00,0.96,47.81
48.00,0.96,47.81
48.00,0.96,47.81
48.00,0.96,47.81
48.00,0.96,47.81
48.00,0.97,47.81
48.00,0.97,47.81
48.00,0.97,47.81
48.00,0.97,47.81
48.00,0.97,47.81
48.00,0.97,47.81
48.00,0.98,47.81
48.00,0.98,47.81
48.00,0.98,47.81
48.00,0.98,47.81
48.00,0.98,47.81
48.00,0.98,47.80
48.00,0.98,47.80
48.00,0.98,47.80
48.00,0.99,47.80
48.00,0.99,47.80
48.00,0.99,47.80
48.00,0.99,47.80
48.00,0.99,47.80
48.00,0.99,47.80
48.00,0.99,47.80
48.00,0.99,47.80
48.00,1.00,47.80
48.00,1.00,47.80
48.00,1.00,47.80
48.00,1.00,47.80
48.00,1.00,47.80
48.00,1.00,47.80
48.00,1.00,47.80
48.00,1.00,47.80
48.00,1.00,47.80
48.00,1.00,47.80
48.00,1.01,47.80
48.00,1.01,47.80
48.00,1.01,47.80
48.00,1.01,47.80
48.00,1.01,47.80
48.00,1.01,47.80
48.00,1.01,47.80
48.00,1.01,47.80
48.00,1.01,47.80
48.00,1.01,47.80
48.00,1.02,47.80
48.00,1.02,47.80
48.00,1.02,47.80
48.00,1.02,47.80
48.00,1.02,47.80
48.00,1.02,47.80
48.00,1.02,47.80
48.00,1.02,47.80
48.00,1.02,47.80
48.00,1.02,47.80
48.00,1.03,47.80
48.00,1.03,47.80
48.00,1.03,47.80
48.00,1.03,47.80
48.00,1.03,47.80
48.00,1.03,47.80
48.00,1.03,47.80
48.00,1.03,47.80
48.00,1.03,47.80
48.00,1.03,47.80
48.00,1.03,47.80
48.00,1.03,47.80
48.00,1.04,47.80
48.00,1.04,47.80
48.00,1.04,47.80
48.00,1.04,47.80
48.00,1.04,47.80
48.00,1.04,47.80
48.00,1.04,47.80
48.00,1.04,47.80
48.00,1.04,47.80
48.00,1.04,47.80
48.00,1.04,47.80
48.00,1.04,47.80
48.00,1.04,47.81
48.00,1.04,47.81
48.00,1.05,47.81
48.00,1.05,47.81
48.00,1.05,47.81
48.00,1.05,47.81
48.00,1.05,47.81
48.00,1.05,47.81
48.00,1.05,47.81
48.00,1.05,47.81
48.00,1.05,47.81
48.00,1.05,47.81
48.00,1.05,47.81
48.00,1.05,47.81
48.00,1.05,47.81
48.00,1.05,47.81
48.00,1.06,47.81
48.00,1.06,47.81
48.00,1.06,47.81
48.00,1.06,47.81
48.00,1.06,47.81
48.00,1.06,47.81
48.00,1.06,47.81
48.00,1.06,47.81
48.00,1.06,47.81
48.00,1.06,47.81
48.00,1.06,47.81
48.00,1.06,47.81
48.00,1.06,47.81
48.00,1.06,47.82
48.00,1.06,47.82
48.00,1.06,47.82
48.00,1.06,47.82
48.00,1.06,47.82
48.00,1.06,47.82
48.00,1.06,47.82
48.00,1.06,47.82
48.00,1.06,47.82
48.00,1.07,47.82
48.00,1.07,47.82
48.00,1.07,47.82
48.00,1.07,47.82
48.00,1.07,47.82
48.00,1.07,47.82
48.00,1.07,47.82
48.00,1.07,47.82
48.00,1.07,47.82
48.00,1.07,47.82
48.00,1.07,47.82
48.00,1.07,47.82
48.00,1.07,47.82
48.00,1.07,47.83
48.00,1.07,47.83
48.00,1.07,47.83
48.00,1.07,47.83
48.00,1.07,47.83
48.00,1.07,47.83
48.00,1.07,47.83
48.00,1.07,47.83
48.00,1.07,47.83
48.00,1.07,47.83
48.00,1.07,47.83
48.00,1.07,47.83
48.00,1.07,47.83
48.00,1.08,47.83
48.00,1.08,47.83
48.00,1.08,47.83
48.00,1.08,47.83
48.00,1.08,47.83
48.00,1.08,47.83
48.00,1.08,47.84
48.00,1.08,47.84
48.00,1.08,47.84
48.00,1.08,47.84
48.00,1.08,47.84
48.00,1.08,47.84
48.00,1.08,47.84
48.00,1.08,47.84
48.00,1.08,47.84
48.00,1.08,47.84
48.00,1.08,47.84
48.00,1.08,47.84
48.00,1.08,47.84
48.00,1.08,47.84
48.00,1.08,47.84
48.00,1.08,47.84
48.00,1.08,47.84
48.00,1.08,47.85
48.00,1.08,47.85
48.00,1.08,47.85
48.00,1.08,47.85
48.00,1.08,47.85
48.00,1.08,47.85
48.00,1.08,47.85
48.00,1.08,47.85
48.00,1.08,47.85
48.00,1.08,47.85
48.00,1.08,47.85
48.00,1.08,47.85
48.00,1.08,47.85
48.00,1.08,47.85
48.00,1.08,47.85
48.00,1.08,47.85
48.00,1.08,47.85
48.00,1.08,47.85
48.00,1.08,47.86
48.00,1.08,47.86
48.00,1.08,47.86
48.00,1.08,47.86
48.00,1.08,47.86
48.00,1.08,47.86
48.00,1.08,47.86
48.00,1.08,47.86
48.00,1.08,47.86
48.00,1.08,47.86
48.00,1.08,47.86
48.00,1.09,47.86
48.00,1.09,47.86
48.00,1.08,47.86
48.00,1.08,47.86
48.00,1.09,47.86
48.00,1.09,47.87
48.00,1.08,47.87
48.00,1.08,47.87
48.00,1.08,47.87
48.00,1.08,47.87
48.00,1.09,47.87
48.00,1.09,47.87
48.00,1.08,47.87
48.00,1.08,47.87
48.00,1.09,47.87
48.00,1.09,47.87
48.00,1.09,47.87
48.00,1.09,47.87
48.00,1.08,47.87
48.00,1.08,47.87
48.00,1.09,47.87
48.00,1.09,47.88
48.00,1.09,47.88
48.00,1.09,47.88
48.00,1.08,47.88
48.00,1.08,47.88
48.00,1.09,47.88
48.00,1.09,47.88
48.00,1.09,47.88
48.00,1.09,47.88
48.00,1.09,47.88
48.00,1.09,47.88
48.00,1.09,47.88
48.00,1.09,47.88
48.00,1.08,47.88
48.00,1.08,47.88
48.00,1.09,47.88
48.00,1.09,47.89
48.00,1.08,47.89
48.00,1.08,47.89
48.00,1.09,47.89
48.00,1.09,47.89
48.00,1.08,47.89
48.00,1.08,47.89
48.00,1.08,47.89
48.00,1.08,47.89
48.00,1.09,47.89
48.00,1.09,47.89
48.00,1.08,47.89
48.00,1.08,47.89
48.00,1.08,47.89
48.00,1.08,47.89
48.00,1.09,47.89
48.00,1.09,47.89
48.00,1.08,47.90
48.00,1.08,47.90
48.00,1.08,47.90
48.00,1.08,47.90
48.00,1.08,47.90
48.00,1.08,47.90
48.00,1.08,47.90
48.00,1.08,47.90
48.00,1.08,47.90
48.00,1.08,47.90
48.00,1.08,47.90
48.00,1.08,47.90
48.00,1.08,47.90
48.00,1.08,47.90
48.00,1.08,47.90
48.00,1.08,47.90
48.00,1.08,47.90
48.00,1.08,47.90
48.00,1.08,47.91
48.00,1.08,47.91
48.00,1.08,47.91
48.00,1.08,47.91
48.00,1.08,47.91
48.00,1.08,47.91
48.00,1.08,47.91
48.00,1.08,47.91
48.00,1.08,47.91
48.00,1.08,47.91
48.00,1.08,47.91
48.00,1.08,47.91
48.00,1.08,47.91
48.00,1.08,47.91
48.00,1.08,47.91
48.00,1.08,47.91
48.00,1.08,47.91
48.00,1.08,47.92
48.00,1.08,47.92
48.00,1.08,47.92
48.00,1.08,47.92
48.00,1.08,47.92
48.00,1.08,47.92
48.00,1.08,47.92
48.00,1.08,47.92
48.00,1.08,47.92
48.00,1.08,47.92
48.00,1.08,47.92
48.00,1.08,47.92
48.00,1.08,47.92
48.00,1.08,47.92
48.00,1.08,47.92
48.00,1.08,47.92
48.00,1.08,47.92
48.00,1.08,47.92
48.00,1.08,47.93
48.00,1.08,47.93
48.00,1.08,47.93
48.00,1.08,47.93
48.00,1.08,47.93
48.00,1.08,47.93
48.00,1.08,47.93
48.00,1.08,47.93
48.00,1.08,47.93
48.00,1.08,47.93
48.00,1.08,47.93
48.00,1.08,47.93
48.00,1.08,47.93
48.00,1.08,47.93
48.00,1.08,47.93
48.00,1.08,47.93
48.00,1.08,47.93
48.00,1.08,47.93
48.00,1.08,47.93
48.00,1.07,47.94
48.00,1.07,47.94
48.00,1.08,47.94
48.00,1.08,47.94
48.00,1.07,47.94
48.00,1.07,47.94
48.00,1.07,47.94
48.00,1.07,47.94
48.00,1.07,47.94
48.00,1.07,47.94
48.00,1.07,47.94
48.00,1.07,47.94
48.00,1.07,47.94
48.00,1.07,47.94
48.00,1.07,47.94
48.00,1.07,47.94
48.00,1.07,47.94
48.00,1.07,47.94
48.00,1.07,47.94
48.00,1.07,47.94
48.00,1.07,47.94
48.00,1.07,47.95
48.00,1.07,47.95
48.00,1.07,47.95
48.00,1.07,47.95
48.00,1.07,47.95
48.00,1.07,47.95
48.00,1.07,47.95
48.00,1.07,47.95
48.00,1.07,47.95
48.00,1.07,47.95
48.00,1.07,47.95
48.00,1.07,47.95
48.00,1.07,47.95
48.00,1.07,47.95
48.00,1.07,47.95
48.00,1.07,47.95
48.00,1.07,47.95
48.00,1.07,47.95
48.00,1.07,47.95
48.00,1.07,47.95
48.00,1.07,47.95
48.00,1.07,47.95
48.00,1.07,47.95
48.00,1.07,47.95
48.00,1.07,47.96
48.00,1.07,47.96
48.00,1.07,47.96
48.00,1.07,47.96
48.00,1.07,47.96
48.00,1.07,47.96
48.00,1.07,47.96
48.00,1.07,47.96
48.00,1.07,47.96
48.00,1.07,47.96
48.00,1.07,47.96
48.00,1.06,47.96
48.00,1.06,47.96
48.00,1.06,47.96
48.00,1.06,47.96
48.00,1.06,47.96
48.00,1.06,47.96
48.00,1.06,47.96
48.00,1.06,47.96
48.00,1.06,47.96
48.00,1.06,47.96
48.00,1.06,47.96
48.00,1.06,47.96
48.00,1.06,47.96
48.00,1.06,47.97
48.00,1.06,47.97
48.00,1.06,47.97
48.00,1.06,47.97
48.00,1.06,47.97
48.00,1.06,47.97
48.00,1.06,47.97
48.00,1.06,47.97
48.00,1.06,47.97
48.00,1.06,47.97
48.00,1.06,47.97
48.00,1.06,47.97
48.00,1.06,47.97
48.00,1.06,47.97
48.00,1.06,47.97
48.00,1.06,47.97
48.00,1.06,47.97
48.00,1.06,47.97
48.00,1.06,47.97
48.00,1.06,47.97
48.00,1.06,47.97
48.00,1.06,47.97
48.00,1.06,47.97
48.00,1.06,47.97
48.00,1.06,47.97
48.00,1.06,47.97
48.00,1.06,47.97
48.00,1.06,47.97
48.00,1.06,47.97
48.00,1.06,47.97
48.00,1.06,47.98
48.00,1.06,47.98
48.00,1.06,47.98
48.00,1.06,47.98
48.00,1.06,47.98
48.00,1.06,47.98
48.00,1.06,47.98
48.00,1.06,47.98
48.00,1.06,47.98
48.00,1.05,47.98
48.00,1.05,47.98
48.00,1.05,47.98
48.00,1.05,47.98
48.00,1.05,47.98
48.00,1.05,47.98
48.00,1.05,47.98
48.00,1.05,47.98
48.00,1.05,47.98
48.00,1.05,47.98
48.00,1.05,47.98
48.00,1.05,47.98
48.00,1.05,47.98
48.00,1.05,47.98
48.00,1.05,47.98
48.00,1.05,47.98
48.00,1.05,47.98
48.00,1.05,47.98
48.00,1.05,47.98
48.00,1.05,47.98
48.00,1.05,47.98
48.00,1.05,47.98
48.00,1.05,47.98
48.00,1.05,47.98
48.00,1.05,47.98
48.00,1.05,47.98
48.00,1.05,47.98
48.00,1.05,47.99
48.00,1.05,47.99
48.00,1.05,47.99
48.00,1.05,47.99
48.00,1.05,47.99
48.00,1.05,47.99
48.00,1.05,47.99
48.00,1.05,47.99
48.00,1.05,47.99
48.00,1.05,47.99
48.00,1.05,47.99
48.00,1.05,47.99
48.00,1.05,47.99
48.00,1.05,47.99
48.00,1.05,47.99
48.00,1.05,47.99
48.00,1.05,47.99
48.00,1.05,47.99
48.00,1.05,47.99
48.00,1.05,47.99
48.00,1.05,47.99
48.00,1.05,47.99
48.00,1.05,47.99
48.00,1.05,47.99
48.00,1.05,47.99
48.00,1.05,47.99
48.00,1.05,47.99
48.00,1.05,47.99
48.00,1.05,47.99
48.00,1.05,47.99
48.00,1.05,47.99
48.00,1.04,47.99
48.00,1.04,47.99
48.00,1.04,47.99
48.00,1.04,47.99
48.00,1.04,47.99
48.00,1.04,47.99
48.00,1.04,47.99
48.00,1.04,47.99
48.00,1.04,47.99
48.00,1.04,47.99
48.00,1.04,47.99
48.00,1.04,47.99
48.00,1.04,47.99
48.00,1.04,47.99
48.00,1.04,47.99
48.00,1.04,47.99
48.00,1.04,48.00
48.00,1.04,48.00
48.00,1.04,48.00
48.00,1.04,48.00
48.00,1.04,48.00
48.00,1.04,48.00
48.00,1.04,48.00
48.00,1.04,48.00
48.00,1.04,48.00
48.00,1.04,48.00
48.00,1.04,48.00
48.00,1.04,48.00
48.00,1.04,48.00
48.00,1.04,48.00
48.00,1.04,48.00
48.00,1.04,48.00
48.00,1.04,48.00
48.00,1.04,48.00
48.00,1.04,48.00
48.00,1.04,48.00
48.00,1.04,48.00
48.00,1.04,48.00
48.00,1.04,48.00
48.00,1.04,48.00
48.00,1.04,48.00
48.00,1.04,48.00
48.00,1.04,48.00
48.00,1.04,48.00
48.00,1.04,48.00
48.00,1.04,48.00
48.00,1.04,48.00
48.00,1.04,48.00
48.00,1.04,48.00
48.00,1.04,48.00
48.00,1.04,48.00
48.00,1.04,48.00
48.00,1.04,48.00
48.00,1.04,48.00
48.00,1.04,48.00
48.00,1.04,48.00
48.00,1.04,48.00
48.00,1.04,48.00
48.00,1.04,48.00
48.00,1.04,48.00
48.00,1.04,48.00
48.00,1.04,48.00
48.00,1.04,48.00
48.00,1.04,48.00
48.00,1.04,48.00
48.00,1.04,48.00
48.00,1.04,48.00
48.00,1.04,48.00
48.00,1.04,48.00
48.00,1.04,48.00
48.00,1.04,48.00
48.00,1.04,48.00
48.00,1.03,48.00
48.00,1.03,48.00
48.00,1.03,48.00
48.00,1.03,48.00
48.00,1.03,48.00
48.00,1.03,48.00
48.00,1.03,48.00
48.00,1.03,48.00
48.00,1.03,48.00
48.00,1.03,48.00
48.00,1.03,48.00
48.00,1.03,48.00
48.00,1.03,48.00
48.00,1.03,48.00
48.00,1.03,48.00
48.00,1.03,48.00
48.00,1.03,48.00
48.00,1.03,48.00
48.00,1.03,48.00
48.00,1.03,48.00
48.00,1.03,48.00
48.00,1.03,48.00
48.00,1.03,48.00
48.00,1.03,48.00
48.00,1.03,48.01
48.00,1.03,48.01
48.00,1.03,48.01
48.00,1.03,48.01
48.00,1.03,48.01
48.00,1.03,48.01
48.00,1.03,48.01
48.00,1.03,48.01
48.00,1.03,48.01
48.00,1.03,48.01
48.00,1.03,48.01
48.00,1.03,48.01
48.00,1.03,48.01
48.00,1.03,48.01
48.00,1.03,48.01
48.00,1.03,48.01
48.00,1.03,48.01
48.00,1.03,48.01
48.00,1.03,48.01
48.00,1.03,48.01
48.00,1.03,48.01
48.00,1.03,48.01
48.00,1.03,48.01
48.00,1.03,48.01
48.00,1.03,48.01
48.00,1.03,48.01
48.00,1.03,48.01
48.00,1.03,48.01
48.00,1.03,48.01
48.00,1.03,48.01
48.00,1.03,48.01
48.00,1.03,48.01
48.00,1.03,48.01
48.00,1.03,48.01
48.00,1.03,48.01
48.00,1.03,48.01
48.00,1.03,48.01
48.00,1.03,48.01
48.00,1.03,48.01
48.00,1.03,48.01
48.00,1.03,48.01
48.00,1.03,48.01
48.00,1.03,48.01
48.00,1.03,48.01
48.00,1.03,48.01
48.00,1.03,48.01
48.00,1.03,48.01
48.00,1.03,48.01
48.00,1.03,48.01
48.00,1.03,48.01
48.00,1.03,48.01
48.00,1.03,48.01
48.00,1.03,48.01
48.00,1.03,48.01
48.00,1.03,48.01
48.00,1.03,48.01
48.00,1.03,48.01
48.00,1.03,48.01
48.00,1.03,48.01
48.00,1.03,48.01
48.00,1.03,48.01
48.00,1.03,48.01
48.00,1.03,48.01
48.00,1.03,48.01
48.00,1.03,48.01
48.00,1.03,48.01
48.00,1.03,48.01
48.00,1.03,48.01
48.00,1.03,48.01
48.00,1.03,48.01
48.00,1.03,48.01
48.00,1.03,48.01
48.00,1.03,48.01
48.00,1.03,48.01
48.00,1.03,48.01
48.00,1.03,48.01
48.00,1.03,48.01
48.00,1.03,48.01
48.00,1.03,48.01
48.00,1.03,48.01
48.00,1.03,48.01
48.00,1.03,48.01
48.00,1.03,48.01
48.00,1.03,48.01
48.00,1.03,48.01
48.00,1.03,48.01
48.00,1.03,48.01
48.00,1.03,48.01
48.00,1.03,48.01
48.00,1.03,48.01
48.00,1.03,48.01
48.00,1.03,48.01
48.00,1.03,48.01
48.00,1.03,48.01
48.00,1.03,48.01
48.00,1.03,48.01
48.00,1.02,48.01
48.00,1.02,48.01
48.00,1.02,48.01
48.00,1.02,48.01
48.00,1.02,48.01
48.00,1.02,48.01
48.00,1.02,48.01
48.00,1.02,48.01
48.00,1.02,48.01
48.00,1.02,48.01
48.00,1.02,48.01
48.00,1.02,48.01
48.00,1.02,48.01
48.00,1.02,48.01
48.00,1.02,48.01
48.00,1.02,48.01
48.00,1.02,48.01
48.00,1.02,48.01
48.00,1.02,48.01
48.00,1.02,48.01
48.00,1.02,48.01
48.00,1.02,48.01
48.00,1.02,48.01
48.00,1.02,48.01
48.00,1.02,48.01
48.00,1.02,48.01
48.00,1.02,48.01
48.00,1.02,48.01
48.00,1.02,48.01
48.00,1.02,48.01
48.00,1.02,48.01
48.00,1.02,48.01
48.00,1.02,48.01
48.00,1.02,48.01
48.00,1.02,48.01
48.00,1.02,48.01
48.00,1.02,48.01
48.00,1.02,48.01
48.00,1.02,48.01
48.00,1.02,48.01
48.00,1.02,48.01
48.00,1.02,48.01
48.00,1.02,48.01
48.00,1.02,48.01
48.00,1.02,48.01
48.00,1.02,48.01
48.00,1.02,48.01
48.00,1.02,48.01
48.00,1.02,48.01
48.00,1.02,48.01
48.00,1.02,48.01
48.00,1.02,48.01
48.00,1.02,48.01
48.00,1.02,48.01
48.00,1.02,48.01
48.00,1.02,48.01
48.00,1.02,48.01
48.00,1.02,48.01
48.00,1.02,48.01
48.00,1.02,48.01
48.00,1.02,48.01
48.00,1.02,48.01
48.00,1.02,48.01
48.00,1.02,48.01
48.00,1.02,48.01
48.00,1.02,48.01
48.00,1.02,48.01
48.00,1.02,48.01
48.00,1.02,48.01
48.00,1.02,48.01
48.00,1.02,48.01
48.00,1.02,48.01
48.00,1.02,48.01
48.00,1.02,48.01
48.00,1.02,48.01
48.00,1.02,48.01
48.00,1.02,48.01
48.00,1.02,48.01
48.00,1.02,48.01
48.00,1.02,48.01
48.00,1.02,48.01
48.00,1.02,48.01
48.00,1.02,48.01
48.00,1.02,48.01
48.00,1.02,48.01
48.00,1.02,48.01
48.00,1.02,48.01
48.00,1.02,48.01
48.00,1.02,48.01
48.00,1.02,48.01
48.00,1.02,48.01
48.00,1.02,48.01
48.00,1.02,48.01
48.00,1.02,48.01
48.00,1.02,48.01
48.00,1.02,48.01
48.00,1.02,48.01
48.00,1.02,48.01
48.00,1.02,48.01
48.00,1.02,48.01
48.00,1.02,48.01
48.00,1.02,48.01
48.00,1.02,48.01
48.00,1.02,48.01
48.00,1.02,48.01
48.00,1.02,48.01
48.00,1.02,48.01
48.00,1.02,48.01
48.00,1.02,48.01
48.00,1.02,48.01
48.00,1.02,48.01
48.00,1.02,48.01
48.00,1.02,48.01
48.00,1.02,48.01
48.00,1.02,48.01
48.00,1.02,48.01
48.00,1.02,48.01
48.00,1.02,48.01
48.00,1.02,48.01
48.00,1.02,48.01
48.00,1.02,48.01
48.00,1.02,48.01
48.00,1.02,48.01
48.00,1.02,48.01
48.00,1.02,48.01
48.00,1.02,48.01
48.00,1.02,48.01
48.00,1.02,48.01
48.00,1.02,48.01
48.00,1.02,48.01
48.00,1.02,48.01
48.00,1.02,48.01
48.00,1.02,48.01
48.00,1.02,48.01
48.00,1.02,48.01
48.00,1.02,48.01
48.00,1.02,48.01
48.00,1.02,48.01
48.00,1.02,48.01
48.00,1.02,48.01
48.00,1.02,48.01
48.00,1.02,48.01
48.00,1.02,48.01
48.00,1.02,48.01
48.00,1.02,48.01
48.00,1.02,48.01
48.00,1.02,48.01
48.00,1.02,48.01
48.00,1.02,48.01
48.00,1.02,48.01
48.00,1.02,48.01
48.00,1.02,48.01
48.00,1.02,48.01
48.00,1.02,48.01
48.00,1.02,48.01
48.00,1.02,48.01
48.00,1.02,48.01
48.00,1.02,48.01
48.00,1.02,48.01
48.00,1.02,48.01
48.00,1.02,48.01
48.00,1.02,48.01
48.00,1.02,48.01
48.00,1.02,48.01
48.00,1.02,48.01
48.00,1.02,48.01
48.00,1.02,48.01
48.00,1.02,48.01
48.00,1.02,48.01
48.00,1.02,48.01
48.00,1.02,48.01
48.00,1.02,48.01
48.00,1.02,48.01
48.00,1.02,48.01
48.00,1.02,48.01
48.00,1.02,48.01
48.00,1.02,48.01
48.00,1.02,48.01
48.00,1.02,48.01
48.00,1.02,48.01
48.00,1.02,48.01
48.00,1.02,48.01
48.00,1.02,48.01
48.00,1.02,48.01
48.00,1.02,48.01
48.00,1.02,48.01
48.00,1.02,48.01
48.00,1.02,48.01
48.00,1.02,48.01
48.00,1.02,48.01
48.00,1.02,48.01
48.00,1.02,48.01
48.00,1.02,48.01
48.00,1.02,48.01
48.00,1.02,48.01
48.00,1.02,48.01
48.00,1.02,48.01
48.00,1.02,48.01
48.00,1.02,48.01
48.00,1.02,48.01
48.00,1.02,48.01
48.00,1.02,48.01
48.00,1.02,48.01
48.00,1.02,48.01
48.00,1.02,48.01
48.00,1.02,48.01
48.00,1.02,48.01
48.00,1.02,48.01
48.00,1.02,48.01
48.00,1.02,48.01
48.00,1.02,48.01
48.00,1.02,48.01
48.00,1.02,48.01
48.00,1.02,48.01
48.00,1.02,48.01
48.00,1.02,48.01
48.00,1.02,48.01
48.00,1.02,48.01
48.00,1.02,48.01
48.00,1.02,48.01
48.00,1.02,48.01
48.00,1.02,48.00
48.00,1.02,48.00
48.00,1.02,48.00
48.00,1.02,48.00
48.00,1.02,48.00
48.00,1.02,48.00
48.00,1.02,48.00
48.00,1.02,48.00
48.00,1.02,48.00
48.00,1.02,48.00
48.00,1.02,48.00
48.00,1.02,48.00
48.00,1.02,48.00
48.00,1.02,48.00
48.00,1.02,48.00
48.00,1.02,48.00
48.00,1.02,48.00
48.00,1.02,48.00
48.00,1.02,48.00
48.00,1.02,48.00
48.00,1.02,48.00
48.00,1.02,48.00
48.00,1.02,48.00
48.00,1.02,48.00
48.00,1.02,48.00
48.00,1.02,48.00
48.00,1.02,48.00
48.00,1.02,48.00
48.00,1.02,48.00
48.00,1.02,48.00
48.00,1.02,48.00
48.00,1.02,48.00
48.00,1.02,48.00
48.00,1.02,48.00
48.00,1.02,48.00
48.00,1.02,48.00
48.00,1.02,48.00
48.00,1.02,48.00
48.00,1.02,48.00
48.00,1.02,48.00
48.00,1.02,48.00
48.00,1.02,48.00
48.00,1.02,48.00
48.00,1.02,48.00
48.00,1.02,48.00
48.00,1.02,48.00
48.00,1.02,48.00
48.00,1.02,48.00
48.00,1.02,48.00
48.00,1.02,48.00
48.00,1.02,48.00
48.00,1.02,48.00
48.00,1.02,48.00
48.00,1.02,48.00
48.00,1.02,48.00
48.00,1.02,48.00
48.00,1.02,48.00
48.00,1.02,48.00
48.00,1.02,48.00
48.00,1.02,48.00
48.00,1.02,48.00
48.00,1.02,48.00
48.00,1.02,48.00
48.00,1.02,48.00
48.00,1.02,48.00
48.00,1.02,48.00
48.00,1.02,48.00
48.00,1.02,48.00
48.00,1.02,48.00
48.00,1.02,48.00
48.00,1.02,48.00
48.00,1.02,48.00
48.00,1.02,48.00
48.00,1.02,48.00
48.00,1.02,48.00
48.00,1.02,48.00
48.00,1.02,48.00
48.00,1.02,48.00
48.00,1.02,48.00
48.00,1.02,48.00
48.00,1.02,48.00
48.00,1.02,48.00
48.00,1.02,48.00
48.00,1.02,48.00
48.00,1.02,48.00
48.00,1.02,48.00
48.00,1.02,48.00
48.00,1.02,48.00
48.00,1.02,48.00
48.00,1.02,48.00
48.00,1.02,48.00
48.00,1.02,48.00
48.00,1.02,48.00
48.00,1.02,48.00
48.00,1.02,48.00
48.00,1.02,48.00
48.00,1.02,48.00
48.00,1.02,48.00
48.00,1.02,48.00
48.00,1.02,48.00
48.00,1.02,48.00
48.00,1.02,48.00
48.00,1.02,48.00
48.00,1.02,48.00
48.00,1.02,48.00
48.00,1.02,48.00
48.00,1.02,48.00
48.00,1.02,48.00
48.00,1.02,48.00
48.00,1.02,48.00
48.00,1.02,48.00
48.00,1.02,48.00
48.00,1.02,48.00
48.00,1.02,48.00
48.00,1.02,48.00
48.00,1.02,48.00
48.00,1.02,48.00
48.00,1.02,48.00
48.00,1.02,48.00
48.00,1.02,48.00
48.00,1.02,48.00
48.00,1.02,48.00
48.00,1.02,48.00
48.00,1.02,48.00
48.00,1.02,48.00
48.00,1.02,48.00
48.00,1.02,48.00
48.00,1.02,48.00
48.00,1.02,48.00
48.00,1.02,48.00
48.00,1.02,48.00
48.00,1.02,48.00
48.00,1.02,48.00
48.00,1.02,48.00
48.00,1.02,48.00
48.00,1.02,48.00
48.00,1.02,48.00
48.00,1.02,48.00
48.00,1.02,48.00
48.00,1.02,48.00
48.00,1.02,48.00
48.00,1.02,48.00
48.00,1.02,48.00
48.00,1.02,48.00
48.00,1.02,48.00
48.00,1.02,48.00
48.00,1.02,48.00
48.00,1.02,48.00
48.00,1.02,48.00
48.00,1.02,48.00
48.00,1.02,48.00
48.00,1.02,48.00
48.00,1.02,48.00
48.00,1.02,48.00
48.00,1.02,48.00
48.00,1.02,48.00
48.00,1.02,48.00
48.00,1.02,48.00
48.00,1.02,48.00
48.00,1.02,48.00
48.00,1.02,48.00
48.00,1.02,48.00
48.00,1.02,48.00
48.00,1.02,48.00
48.00,1.02,48.00
48.00,1.02,48.00
48.00,1.02,48.00
48.00,1.02,48.00
48.00,1.02,48.00
48.00,1.02,48.00
48.00,1.02,48.00
48.00,1.02,48.00
48.00,1.02,48.00
48.00,1.02,48.00
48.00,1.02,48.00
48.00,1.02,48.00
48.00,1.02,48.00
48.00,1.02,48.00
48.00,1.02,48.00
48.00,1.02,48.00
48.00,1.02,48.00
48.00,1.02,48.00
48.00,1.02,48.00
48.00,1.02,48.00
48.00,1.02,48.00
48.00,1.02,48.00
48.00,1.02,48.00
48.00,1.02,48.00
48.00,1.02,48.00
48.00,1.02,48.00
48.00,1.02,48.00
48.00,1.02,48.00
48.00,1.02,48.00
48.00,1.02,48.00
48.00,1.02,48.00
48.00,1.02,48.00
48.00,1.02,48.00
48.00,1.02,48.00
48.00,1.02,48.00
48.00,1.02,48.00
48.00,1.02,48.00
48.00,1.02,48.00
48.00,1.02,48.00
48.00,1.02,48.00
48.00,1.02,48.00
48.00,1.02,48.00
48.00,1.02,48.00
48.00,1.02,48.00
48.00,1.02,48.00
48.00,1.02,48.00
48.00,1.02,48.00
48.00,1.02,48.00
48.00,1.02,48.00
48.00,1.02,48.00
48.00,1.02,48.00
48.00,1.02,48.00
48.00,1.02,48.00
48.00,1.02,48.00
48.00,1.02,48.00
48.00,1.02,48.00
48.00,1.02,48.00
48.00,1.02,48.00
48.00,1.02,48.00
48.00,1.02,48.00
48.00,1.02,48.00
48.00,1.02,48.00
48.00,1.02,48.00
48.00,1.02,48.00
48.00,1.02,48.00
48.00,1.02,48.00
48.00,1.02,48.00
48.00,1.02,48.00
48.00,1.02,48.00
48.00,1.02,48.00
48.00,1.02,48.00
48.00,1.02,48.00
48.00,1.02,48.00
48.00,1.02,48.00
48.00,1.02,48.00
48.00,1.02,48.00
48.00,1.02,48.00
48.00,1.02,48.00
48.00,1.02,48.00
48.00,1.02,48.00
48.00,1.02,48.00
48.00,1.02,48.00
48.00,1.02,48.00
48.00,1.02,48.00
48.00,1.02,48.00
48.00,1.02,48.00
48.00,1.02,48.00
48.00,1.02,48.00
48.00,1.02,48.00
48.00,1.02,48.00
48.00,1.02,48.00
48.00,1.02,48.00
48.00,1.02,48.00
48.00,1.02,48.00
48.00,1.02,48.00
48.00,1.02,48.00
48.00,1.02,48.00
48.00,1.02,48.00
48.00,1.02,48.00
48.00,1.02,48.00
48.00,1.02,48.00
48.00,1.02,48.00
48.00,1.02,48.00
48.00,1.02,48.00
48.00,1.02,48.00
48.00,1.02,48.00
48.00,1.02,48.00
48.00,1.02,48.00
48.00,1.02,48.00
48.00,1.02,48.00
48.00,1.02,48.00
48.00,1.02,48.00
48.00,1.02,48.00
48.00,1.02,48.00
48.00,1.02,48.00
48.00,1.02,48.00
48.00,1.02,48.00
48.00,1.02,48.00
48.00,1.02,48.00
48.00,1.02,48.00
48.00,1.02,48.00
48.00,1.02,48.00
48.00,1.02,48.00
48.00,1.02,48.00
48.00,1.02,48.00
48.00,1.02,48.00
48.00,1.02,48.00
48.00,1.02,48.00
48.00,1.02,48.00
48.00,1.02,48.00
48.00,1.02,48.00
48.00,1.02,48.00
48.00,1.02,48.00
48.00,1.02,48.00
48.00,1.02,48.00
48.00,1.02,48.00
48.00,1.02,48.00
48.00,1.02,48.00
48.00,1.02,48.00
48.00,1.02,48.00
48.00,1.02,48.00
48.00,1.02,48.00
48.00,1.02,48.00
48.00,1.02,48.00
48.00,1.02,48.00
48.00,1.02,48.00
48.00,1.02,48.00
48.00,1.02,48.00
48.00,1.02,48.00
48.00,1.02,48.00
48.00,1.02,48.00
48.00,1.02,48.00
48.00,1.02,48.00
48.00,1.02,48.00
48.00,1.02,48.00
48.00,1.02,48.00
48.00,1.02,48.00
48.00,1.02,48.00
48.00,1.02,48.00
48.00,1.02,48.00
48.00,1.02,48.00
48.00,1.02,48.00
48.00,1.02,48.00
48.00,1.02,48.00
48.00,1.02,48.00
48.00,1.02,48.00
48.00,1.02,48.00
48.00,1.02,48.00
48.00,1.02,48.00
48.00,1.02,48.00
48.00,1.02,48.00
48.00,1.02,48.00
48.00,1.02,48.00
48.00,1.02,48.00
48.00,1.02,48.00
48.00,1.02,48.00
48.00,1.02,48.00
48.00,1.02,48.00
48.00,1.02,48.00
48.00,1.02,48.00
48.00,1.02,48.00
48.00,1.02,48.00
48.00,1.02,48.00
48.00,1.02,48.00
48.00,1.02,48.00
48.00,1.02,48.00
48.00,1.02,48.00
48.00,1.02,48.00
48.00,1.02,48.00
48.00,1.02,48.00
48.00,1.02,48.00
48.00,1.02,48.00
48.00,1.02,48.00
48.00,1.02,48.00
48.00,1.02,48.00
48.00,1.02,48.00
48.00,1.02,48.00
48.00,1.02,48.00
48.00,1.02,48.00
48.00,1.02,48.00
48.00,1.02,48.00
48.00,1.02,48.00
48.00,1.02,48.00
48.00,1.02,48.00
48.00,1.02,48.00
48.00,1.02,48.00
48.00,1.02,48.00
48.00,1.02,48.00
48.00,1.02,48.00
48.00,1.02,48.00
48.00,1.02,48.00
48.00,1.02,48.00
48.00,1.02,48.00
48.00,1.02,48.00
48.00,1.02,48.00
48.00,1.02,48.00
48.00,1.02,48.00
48.00,1.02,48.00
48.00,1.02,48.00
48.00,1.02,48.00
48.00,1.02,48.00
48.00,1.02,48.00
48.00,1.02,48.00
48.00,1.02,48.00
48.00,1.02,48.00
48.00,1.02,48.00
48.00,1.02,48.00
48.00,1.02,48.00
48.00,1.02,48.00
48.00,1.02,48.00
48.00,1.02,48.00
48.00,1.02,48.00
48.00,1.02,48.00
48.00,1.02,48.00
48.00,1.02,48.00
48.00,1.02,48.00
48.00,1.02,48.00
48.00,1.02,48.00
48.00,1.02,48.00
48.00,1.02,48.00
48.00,1.02,48.00
48.00,1.02,48.00
48.00,1.02,48.00
48.00,1.02,48.00
48.00,1.02,48.00
48.00,1.02,48.00
48.00,1.02,48.00
48.00,1.02,48.00
48.00,1.02,48.00
48.00,1.02,48.00
48.00,1.02,48.00
48.00,1.02,48.00
48.00,1.02,48.00
48.00,1.02,48.00
48.00,1.02,48.00
48.00,1.02,48.00
48.00,1.02,48.00
48.00,1.02,48.00
48.00,1.02,48.00
48.00,1.02,48.00
48.00,1.02,48.00
48.00,1.02,48.00
48.00,1.02,48.00
48.00,1.02,48.00
48.00,1.02,48.00
48.00,1.02,48.00
48.00,1.02,48.00
48.00,1.02,48.00
48.00,1.02,48.00
48.00,1.02,48.00
48.00,1.02,48.00
48.00,1.02,48.00
48.00,1.02,48.00
48.00,1.02,48.00
48.00,1.02,48.00
48.00,1.02,48.00
48.00,1.02,48.00
48.00,1.02,48.00
48.00,1.02,48.00
48.00,1.02,48.00
48.00,1.02,48.00
48.00,1.02,48.00
48.00,1.02,48.00
48.00,1.02,48.00
48.00,1.02,48.00
48.00,1.02,48.00
48.00,1.02,48.00
48.00,1.02,48.00
48.00,1.02,48.00
48.00,1.02,48.00
48.00,1.02,48.00
48.00,1.02,48.00
48.00,1.02,48.00
48.00,1.02,48.00
48.00,1.02,48.00
48.00,1.02,48.00
48.00,1.02,48.00
48.00,1.02,48.00
48.00,1.02,48.00
48.00,1.02,48.00
48.00,1.02,48.00
48.00,1.02,48.00
48.00,1.02,48.00
48.00,1.02,48.00
48.00,1.02,48.00
48.00,1.02,48.00
48.00,1.02,48.00
48.00,1.02,48.00
48.00,1.02,48.00
48.00,1.02,48.00
48.00,1.02,48.00
48.00,1.02,48.00
48.00,1.02,48.00
48.00,1.02,48.00
48.00,1.02,48.00
48.00,1.02,48.00
48.00,1.02,48.00
48.00,1.02,48.00
48.00,1.02,48.00
48.00,1.02,48.00
48.00,1.02,48.00
48.00,1.02,48.00
48.00,1.02,48.00
48.00,1.02,48.00
48.00,1.02,48.00
48.00,1.02,48.00
48.00,1.02,48.00
48.00,1.02,48.00
48.00,1.02,48.00
48.00,1.02,48.00
48.00,1.02,48.00
48.00,1.02,48.00
48.00,1.02,48.00
48.00,1.02,48.00
48.00,1.02,48.00
48.00,1.02,48.00
48.00,1.02,48.00
48.00,1.02,48.00
48.00,1.02,48.00
48.00,1.02,48.00
48.00,1.02,48.00
48.00,1.02,48.00
48.00,1.02,48.00
48.00,1.02,48.00
48.00,1.02,48.00
48.00,1.02,48.00
48.00,1.02,48.00
48.00,1.02,48.00
48.00,1.02,48.00
48.00,1.02,48.00
48.00,1.02,48.00
48.00,1.02,48.00
48.00,1.02,48.00
48.00,1.02,48.00
48.00,1.02,48.00
48.00,1.02,48.00
48.00,1.02,48.00
48.00,1.02,48.00
48.00,1.02,48.00
48.00,1.02,48.00
48.00,1.02,48.00
48.00,1.02,48.00
48.00,1.02,48.00
48.00,1.02,48.00
48.00,1.02,48.00
48.00,1.02,48.00
48.00,1.02,48.00
48.00,1.02,48.00
48.00,1.02,48.00
48.00,1.02,48.00
48.00,1.02,48.00
48.00,1.02,48.00
48.00,1.02,48.00
48.00,1.02,48.00
48.00,1.02,48.00
48.00,1.02,48.00
48.00,1.02,48.00
48.00,1.02,48.00
48.00,1.02,48.00
48.00,1.02,48.00
48.00,1.02,48.00
48.00,1.02,48.00
48.00,1.02,48.00
48.00,1.02,48.00
48.00,1.02,48.00
48.00,1.02,48.00
48.00,1.02,48.00
48.00,1.02,48.00
48.00,1.02,48.00
48.00,1.02,48.00
48.00,1.02,48.00
48.00,1.02,48.00
48.00,1.02,48.00
48.00,1.02,48.00
48.00,1.02,48.00
48.00,1.02,48.00
48.00,1.02,48.00
48.00,1.02,48.00
48.00,1.02,48.00
48.00,1.02,48.00
48.00,1.02,48.00
29.00,-18.17,48.00
29.00,-18.17,47.78
29.00,-17.49,47.57
29.00,-17.49,47.36
29.00,-17.69,47.36
29.00,-17.69,47.15
29.00,-17.24,46.94
29.00,-17.24,46.74
29.00,-17.01,46.53
29.00,-17.01,46.53
29.00,-17.19,46.33
29.00,-17.19,46.13
29.00,-16.75,45.92
29.00,-16.75,45.72
29.00,-16.53,45.53
29.00,-16.53,45.53
29.00,-16.69,45.33
29.00,-16.69,45.13
29.00,-16.26,44.93
29.00,-16.26,44.74
29.00,-16.04,44.55
29.00,-16.04,44.55
29.00,-16.20,44.36
29.00,-16.20,44.17
29.00,-15.77,43.98
29.00,-15.77,43.79
29.00,-15.93,43.79
29.00,-15.93,43.60
29.00,-15.51,43.41
29.00,-15.51,43.23
29.00,-15.29,43.05
29.00,-15.29,42.86
29.00,-15.43,42.86
29.00,-15.43,42.68
29.00,-15.02,42.50
29.00,-15.02,42.32
29.00,-14.81,42.14
29.00,-14.81,41.97
29.00,-14.94,41.97
29.00,-14.94,41.79
29.00,-14.54,41.62
29.00,-14.54,41.45
29.00,-14.33,41.27
29.00,-14.33,41.27
29.00,-14.45,41.10
29.00,-14.45,40.93
29.00,-14.06,40.76
29.00,-14.06,40.60
29.00,-13.85,40.43
29.00,-13.85,40.43
29.00,-13.97,40.27
29.00,-13.97,40.10
29.00,-13.58,39.94
29.00,-13.58,39.78
29.00,-13.38,39.62
29.00,-13.38,39.62
29.00,-13.49,39.46
29.00,-13.49,39.30
29.00,-13.11,39.14
29.00,-13.11,38.99
29.00,-13.22,38.99
29.00,-13.22,38.83
29.00,-12.85,38.68
29.00,-12.85,38.53
29.00,-12.65,38.38
29.00,-12.65,38.23
29.00,-12.75,38.23
29.00,-12.75,38.08
29.00,-12.38,37.93
29.00,-12.38,37.78
29.00,-12.19,37.64
29.00,-12.19,37.49
29.00,-12.28,37.49
29.00,-12.28,37.35
29.00,-11.93,37.21
29.00,-11.93,37.07
29.00,-11.73,36.93
29.00,-11.73,36.93
29.00,-11.82,36.79
29.00,-11.82,36.65
29.00,-11.47,36.51
29.00,-11.47,36.38
29.00,-11.29,36.24
29.00,-11.29,36.24
29.00,-11.36,36.11
29.00,-11.36,35.98
29.00,-11.03,35.84
29.00,-11.03,35.71
29.00,-10.84,35.58
29.00,-10.84,35.58
29.00,-10.91,35.46
29.00,-10.91,35.33
29.00,-10.59,35.20
29.00,-10.59,35.08
29.00,-10.66,35.08
29.00,-10.66,34.95
29.00,-10.34,34.83
29.00,-10.34,34.71
29.00,-10.16,34.59
29.00,-10.16,34.47
29.00,-10.22,34.47
29.00,-10.22,34.35
29.00,-9.92,34.23
29.00,-9.92,34.11
29.00,-9.74,34.00
29.00,-9.74,34.00
29.00,-9.79,33.88
29.00,-9.79,33.77
29.00,-9.50,33.65
29.00,-9.50,33.54
29.00,-9.33,33.43
29.00,-9.33,33.43
29.00,-9.37,33.32
29.00,-9.37,33.21
29.00,-9.08,33.10
29.00,-9.08,33.00
29.00,-9.13,33.00
29.00,-9.13,32.89
29.00,-8.85,32.78
29.00,-8.85,32.68
29.00,-8.68,32.58
29.00,-8.68,32.48
29.00,-8.72,32.48
29.00,-8.72,32.37
29.00,-8.45,32.27
29.00,-8.45,32.17
29.00,-8.29,32.07
29.00,-8.29,32.07
29.00,-8.32,31.98
29.00,-8.32,31.88
29.00,-8.06,31.78
29.00,-8.06,31.69
29.00,-8.09,31.69
29.00,-8.09,31.60
29.00,-7.84,31.50
29.00,-7.84,31.41
29.00,-7.68,31.32
29.00,-7.68,31.23
29.00,-7.71,31.23
29.00,-7.71,31.14
29.00,-7.46,31.05
29.00,-7.46,30.96
29.00,-7.31,30.88
29.00,-7.31,30.88
29.00,-7.33,30.79
29.00,-7.33,30.71
29.00,-7.09,30.62
29.00,-7.09,30.54
29.00,-6.95,30.46
29.00,-6.95,30.46
29.00,-6.96,30.38
29.00,-6.96,30.29
29.00,-6.73,30.21
29.00,-6.73,30.14
29.00,-6.75,30.14
29.00,-6.75,30.06
29.00,-6.52,29.98
29.00,-6.52,29.90
29.00,-6.39,29.83
29.00,-6.39,29.83
29.00,-6.40,29.75
29.00,-6.40,29.68
29.00,-6.18,29.60
29.00,-6.18,29.53
29.00,-6.05,29.46
29.00,-6.05,29.46
29.00,-6.05,29.39
29.00,-6.05,29.32
29.00,-5.85,29.25
29.00,-5.85,29.18
29.00,-5.85,29.18
29.00,-5.85,29.11
29.00,-5.65,29.05
29.00,-5.65,28.98
29.00,-5.52,28.92
29.00,-5.52,28.85
29.00,-5.52,28.85
29.00,-5.52,28.79
29.00,-5.33,28.72
29.00,-5.33,28.66
29.00,-5.21,28.60
29.00,-5.21,28.60
29.00,-5.20,28.54
29.00,-5.20,28.48
29.00,-5.02,28.42
29.00,-5.02,28.36
29.00,-5.02,28.36
29.00,-5.02,28.30
29.00,-4.83,28.25
29.00,-4.83,28.19
29.00,-4.72,28.13
29.00,-4.72,28.08
29.00,-4.71,28.08
29.00,-4.71,28.02
29.00,-4.54,27.97
29.00,-4.54,27.92
29.00,-4.43,27.87
29.00,-4.43,27.87
29.00,-4.42,27.81
29.00,-4.42,27.76
29.00,-4.25,27.71
29.00,-4.25,27.66
29.00,-4.14,27.61
29.00,-4.14,27.61
29.00,-4.13,27.57
29.00,-4.13,27.52
29.00,-3.97,27.47
29.00,-3.97,27.42
29.00,-3.96,27.42
29.00,-3.96,27.38
29.00,-3.81,27.33
29.00,-3.81,27.29
29.00,-3.70,27.25
29.00,-3.70,27.25
29.00,-3.69,27.20
29.00,-3.69,27.16
29.00,-3.54,27.12
29.00,-3.54,27.08
29.00,-3.44,27.04
29.00,-3.44,27.04
29.00,-3.43,27.00
29.00,-3.43,26.96
29.00,-3.29,26.92
29.00,-3.29,26.88
29.00,-3.27,26.88
29.00,-3.27,26.84
29.00,-3.14,26.80
29.00,-3.14,26.77
29.00,-3.04,26.73
29.00,-3.04,26.70
29.00,-3.02,26.70
29.00,-3.02,26.66
29.00,-2.89,26.63
29.00,-2.89,26.59
29.00,-2.81,26.56
29.00,-2.81,26.56
29.00,-2.78,26.53
29.00,-2.78,26.50
29.00,-2.66,26.46
29.00,-2.66,26.43
29.00,-2.64,26.43
29.00,-2.64,26.40
29.00,-2.52,26.37
29.00,-2.52,26.34
29.00,-2.44,26.31
29.00,-2.44,26.29
29.00,-2.42,26.29
29.00,-2.42,26.26
29.00,-2.30,26.23
29.00,-2.30,26.20
29.00,-2.23,26.18
29.00,-2.23,26.18
29.00,-2.20,26.15
29.00,-2.20,26.13
29.00,-2.09,26.10
29.00,-2.09,26.08
29.00,-2.02,26.05
29.00,-2.02,26.05
29.00,-1.99,26.03
29.00,-1.99,26.01
29.00,-1.89,25.98
29.00,-1.89,25.96
29.00,-1.86,25.96
29.00,-1.86,25.94
29.00,-1.77,25.92
29.00,-1.77,25.90
29.00,-1.70,25.88
29.00,-1.70,25.88
29.00,-1.67,25.86
29.00,-1.67,25.84
29.00,-1.58,25.82
29.00,-1.58,25.80
29.00,-1.52,25.79
29.00,-1.52,25.79
29.00,-1.48,25.77
29.00,-1.48,25.75
29.00,-1.40,25.73
29.00,-1.40,25.72
29.00,-1.37,25.72
29.00,-1.37,25.70
29.00,-1.29,25.69
29.00,-1.29,25.67
29.00,-1.23,25.66
29.00,-1.23,25.64
29.00,-1.20,25.64
29.00,-1.20,25.63
29.00,-1.12,25.61
29.00,-1.12,25.60
29.00,-1.06,25.59
29.00,-1.06,25.59
29.00,-1.03,25.58
29.00,-1.03,25.56
29.00,-0.96,25.55
29.00,-0.96,25.54
29.00,-0.93,25.54
29.00,-0.93,25.53
29.00,-0.86,25.52
29.00,-0.86,25.51
29.00,-0.81,25.50
29.00,-0.81,25.49
29.00,-0.77,25.49
29.00,-0.77,25.48
29.00,-0.71,25.47
29.00,-0.71,25.47
29.00,-0.66,25.46
29.00,-0.66,25.46
29.00,-0.63,25.45
29.00,-0.63,25.44
29.00,-0.57,25.43
29.00,-0.57,25.43
29.00,-0.52,25.42
29.00,-0.52,25.42
29.00,-0.49,25.42
29.00,-0.49,25.41
29.00,-0.44,25.40
29.00,-0.44,25.40
29.00,-0.40,25.40
29.00,-0.40,25.39
29.00,-0.35,25.39
29.00,-0.35,25.39
29.00,-0.31,25.38
29.00,-0.31,25.38
29.00,-0.27,25.38
29.00,-0.27,25.37
29.00,-0.23,25.37
29.00,-0.23,25.37
29.00,-0.19,25.37
29.00,-0.19,25.37
29.00,-0.15,25.36
29.00,-0.15,25.36
29.00,-0.11,25.36
29.00,-0.11,25.36
29.00,-0.07,25.36
29.00,-0.07,25.36
29.00,-0.03,25.36
29.00,-0.03,25.36
29.00,0.00,25.36
29.00,0.00,25.36
29.00,0.04,25.35
29.00,0.04,25.36
29.00,0.07,25.36
29.00,0.07,25.36
29.00,0.11,25.36
29.00,0.11,25.36
29.00,0.14,25.36
29.00,0.14,25.36
29.00,0.18,25.36
29.00,0.18,25.36
29.00,0.21,25.36
29.00,0.21,25.36
29.00,0.24,25.37
29.00,0.24,25.37
29.00,0.27,25.37
29.00,0.27,25.37
29.00,0.31,25.37
29.00,0.31,25.38
29.00,0.33,25.38
29.00,0.33,25.38
29.00,0.37,25.38
29.00,0.37,25.39
29.00,0.39,25.39
29.00,0.39,25.40
29.00,0.42,25.40
29.00,0.42,25.40
29.00,0.45,25.41
29.00,0.45,25.41
29.00,0.47,25.42
29.00,0.47,25.42
29.00,0.51,25.42
29.00,0.51,25.43
29.00,0.53,25.43
29.00,0.53,25.44
29.00,0.55,25.44
29.00,0.55,25.45
29.00,0.59,25.45
29.00,0.59,25.46
29.00,0.60,25.46
29.00,0.60,25.47
29.00,0.63,25.47
29.00,0.63,25.47
29.00,0.66,25.48
29.00,0.66,25.49
29.00,0.67,25.50
29.00,0.67,25.50
29.00,0.71,25.50
29.00,0.71,25.51
29.00,0.72,25.52
29.00,0.72,25.53
29.00,0.74,25.53
29.00,0.74,25.53
29.00,0.77,25.54
29.00,0.77,25.55
29.00,0.78,25.56
29.00,0.78,25.57
29.00,0.82,25.57
29.00,0.82,25.58
29.00,0.82,25.59
29.00,0.82,25.59
29.00,0.84,25.60
29.00,0.84,25.61
29.00,0.87,25.61
29.00,0.87,25.62
29.00,0.88,25.63
29.00,0.88,25.64
29.00,0.89,25.65
29.00,0.89,25.65
29.00,0.92,25.66
29.00,0.92,25.67
29.00,0.93,25.68
29.00,0.93,25.69
29.00,0.96,25.69
29.00,0.96,25.70
29.00,0.96,25.71
29.00,0.96,25.72
29.00,0.97,25.73
29.00,0.97,25.73
29.00,1.01,25.74
29.00,1.01,25.75
29.00,1.00,25.76
29.00,1.00,25.78
29.00,1.04,25.78
29.00,1.04,25.79
29.00,1.03,25.80
29.00,1.03,25.81
29.00,1.04,25.82
29.00,1.04,25.82
29.00,1.08,25.83
29.00,1.08,25.84
29.00,1.07,25.85
29.00,1.07,25.87
29.00,1.08,25.88
29.00,1.08,25.88
29.00,1.11,25.89
29.00,1.11,25.90
29.00,1.11,25.91
29.00,1.11,25.93
29.00,1.14,25.93
29.00,1.14,25.94
29.00,1.13,25.95
29.00,1.13,25.96
29.00,1.14,25.97
29.00,1.14,25.97
29.00,1.17,25.99
29.00,1.17,26.00
29.00,1.16,26.01
29.00,1.16,26.02
29.00,1.19,26.02
29.00,1.19,26.04
29.00,1.18,26.05
29.00,1.18,26.06
29.00,1.18,26.08
29.00,1.18,26.08
29.00,1.21,26.09
29.00,1.21,26.10
29.00,1.20,26.11
29.00,1.20,26.13
29.00,1.20,26.14
29.00,1.20,26.14
29.00,1.23,26.15
29.00,1.23,26.17
29.00,1.22,26.18
29.00,1.22,26.19
29.00,1.25,26.19
29.00,1.25,26.21
29.00,1.24,26.22
29.00,1.24,26.23
29.00,1.24,26.25
29.00,1.24,26.25
29.00,1.26,26.26
29.00,1.26,26.27
29.00,1.25,26.29
29.00,1.25,26.30
29.00,1.28,26.30
29.00,1.28,26.31
29.00,1.26,26.33
29.00,1.26,26.34
29.00,1.26,26.35
29.00,1.26,26.35
29.00,1.29,26.37
29.00,1.29,26.38
29.00,1.27,26.40
29.00,1.27,26.41
29.00,1.30,26.41
29.00,1.30,26.42
29.00,1.28,26.44
29.00,1.28,26.45
29.00,1.28,26.46
29.00,1.28,26.48
29.00,1.31,26.48
29.00,1.31,26.49
29.00,1.29,26.51
29.00,1.29,26.52
29.00,1.29,26.53
29.00,1.29,26.53
29.00,1.31,26.55
29.00,1.31,26.56
29.00,1.29,26.58
29.00,1.29,26.59
29.00,1.32,26.59
29.00,1.32,26.60
29.00,1.30,26.62
29.00,1.30,26.63
29.00,1.30,26.64
29.00,1.30,26.64
29.00,1.32,26.66
29.00,1.32,26.67
29.00,1.30,26.69
29.00,1.30,26.70
29.00,1.32,26.70
29.00,1.32,26.71
29.00,1.30,26.73
29.00,1.30,26.74
29.00,1.30,26.76
29.00,1.30,26.77
29.00,1.32,26.77
29.00,1.32,26.78
29.00,1.30,26.80
29.00,1.30,26.81
29.00,1.30,26.82
29.00,1.30,26.82
29.00,1.32,26.84
29.00,1.32,26.85
29.00,1.30,26.87
29.00,1.30,26.88
29.00,1.32,26.88
29.00,1.32,26.89
29.00,1.30,26.91
29.00,1.30,26.92
29.00,1.29,26.94
29.00,1.29,26.94
29.00,1.31,26.95
29.00,1.31,26.96
29.00,1.29,26.98
29.00,1.29,26.99
29.00,1.31,26.99
29.00,1.31,27.00
29.00,1.29,27.02
29.00,1.29,27.03
29.00,1.28,27.04
29.00,1.28,27.04
29.00,1.30,27.06
29.00,1.30,27.07
29.00,1.28,27.08
29.00,1.28,27.10
29.00,1.27,27.11
29.00,1.27,27.11
29.00,1.29,27.12
29.00,1.29,27.14
29.00,1.27,27.15
29.00,1.27,27.17
29.00,1.29,27.17
29.00,1.29,27.18
29.00,1.27,27.19
29.00,1.27,27.20
29.00,1.26,27.22
29.00,1.26,27.22
29.00,1.28,27.23
29.00,1.28,27.24
29.00,1.26,27.26
29.00,1.26,27.27
29.00,1.27,27.27
29.00,1.27,27.28
29.00,1.25,27.30
29.00,1.25,27.31
29.00,1.24,27.32
29.00,1.24,27.32
29.00,1.26,27.34
29.00,1.26,27.35
29.00,1.24,27.36
29.00,1.24,27.37
29.00,1.23,27.39
29.00,1.23,27.39
29.00,1.24,27.40
29.00,1.24,27.41
29.00,1.22,27.43
29.00,1.22,27.44
29.00,1.24,27.44
29.00,1.24,27.45
29.00,1.21,27.46
29.00,1.21,27.48
29.00,1.21,27.49
29.00,1.21,27.49
29.00,1.22,27.50
29.00,1.22,27.51
29.00,1.20,27.52
29.00,1.20,27.54
29.00,1.21,27.54
29.00,1.21,27.55
29.00,1.19,27.56
29.00,1.19,27.57
29.00,1.18,27.59
29.00,1.18,27.59
29.00,1.19,27.60
29.00,1.19,27.61
29.00,1.17,27.62
29.00,1.17,27.63
29.00,1.19,27.63
29.00,1.19,27.65
29.00,1.16,27.66
29.00,1.16,27.67
29.00,1.15,27.68
29.00,1.15,27.69
29.00,1.17,27.69
29.00,1.17,27.70
29.00,1.14,27.72
29.00,1.14,27.73
29.00,1.13,27.74
29.00,1.13,27.74
29.00,1.15,27.75
29.00,1.15,27.76
29.00,1.12,27.77
29.00,1.12,27.79
29.00,1.14,27.79
29.00,1.14,27.80
29.00,1.11,27.81
29.00,1.11,27.82
29.00,1.10,27.83
29.00,1.10,27.83
29.00,1.12,27.84
29.00,1.12,27.85
29.00,1.09,27.86
29.00,1.09,27.87
29.00,1.11,27.87
29.00,1.11,27.89
29.00,1.08,27.90
29.00,1.08,27.91
29.00,1.07,27.92
29.00,1.07,27.93
29.00,1.09,27.93
29.00,1.09,27.94
29.00,1.06,27.95
29.00,1.06,27.96
29.00,1.05,27.97
29.00,1.05,27.97
29.00,1.06,27.98
29.00,1.06,27.99
29.00,1.04,28.00
29.00,1.04,28.01
29.00,1.05,28.01
29.00,1.05,28.02
29.00,1.03,28.03
29.00,1.03,28.04
29.00,1.02,28.05
29.00,1.02,28.05
29.00,1.03,28.06
29.00,1.03,28.07
29.00,1.01,28.08
29.00,1.01,28.09
29.00,1.02,28.09
29.00,1.02,28.10
29.00,1.00,28.11
29.00,1.00,28.12
29.00,0.99,28.13
29.00,0.99,28.13
29.00,1.00,28.14
29.00,1.00,28.15
29.00,0.98,28.16
29.00,0.98,28.17
29.00,0.97,28.18
29.00,0.97,28.18
29.00,0.97,28.19
29.00,0.97,28.20
29.00,0.95,28.21
29.00,0.95,28.22
29.00,0.96,28.22
29.00,0.96,28.23
29.00,0.94,28.24
29.00,0.94,28.24
29.00,0.93,28.25
29.00,0.93,28.25
29.00,0.94,28.26
29.00,0.94,28.27
29.00,0.92,28.28
29.00,0.92,28.29
29.00,0.93,28.29
29.00,0.93,28.30
29.00,0.91,28.31
29.00,0.91,28.31
29.00,0.90,28.32
29.00,0.90,28.32
29.00,0.91,28.33
29.00,0.91,28.34
29.00,0.89,28.35
29.00,0.89,28.36
29.00,0.89,28.36
29.00,0.89,28.37
29.00,0.87,28.37
29.00,0.87,28.38
29.00,0.86,28.39
29.00,0.86,28.40
29.00,0.87,28.40
29.00,0.87,28.41
29.00,0.85,28.41
29.00,0.85,28.42
29.00,0.84,28.43
29.00,0.84,28.43
29.00,0.85,28.44
29.00,0.85,28.45
29.00,0.83,28.45
29.00,0.83,28.46
29.00,0.84,28.46
29.00,0.84,28.47
29.00,0.82,28.48
29.00,0.82,28.48
29.00,0.81,28.49
29.00,0.81,28.49
29.00,0.81,28.50
29.00,0.81,28.51
29.00,0.80,28.51
29.00,0.80,28.52
29.00,0.80,28.52
29.00,0.80,28.53
29.00,0.79,28.53
29.00,0.79,28.54
29.00,0.78,28.55
29.00,0.78,28.56
29.00,0.78,28.56
29.00,0.78,28.56
29.00,0.76,28.57
29.00,0.76,28.58
29.00,0.75,28.58
29.00,0.75,28.58
29.00,0.76,28.59
29.00,0.76,28.60
29.00,0.74,28.60
29.00,0.74,28.61
29.00,0.75,28.61
29.00,0.75,28.62
29.00,0.73,28.62
29.00,0.73,28.63
29.00,0.72,28.64
29.00,0.72,28.64
29.00,0.73,28.64
29.00,0.73,28.65
29.00,0.71,28.66
29.00,0.71,28.66
29.00,0.71,28.66
29.00,0.71,28.67
29.00,0.70,28.67
29.00,0.70,28.68
29.00,0.69,28.69
29.00,0.69,28.69
29.00,0.69,28.69
29.00,0.69,28.70
29.00,0.68,28.70
29.00,0.68,28.71
29.00,0.67,28.72
29.00,0.67,28.72
29.00,0.67,28.72
29.00,0.67,28.73
29.00,0.66,28.73
29.00,0.66,28.74
29.00,0.66,28.74
29.00,0.66,28.74
29.00,0.65,28.75
29.00,0.65,28.75
29.00,0.64,28.76
29.00,0.64,28.76
29.00,0.64,28.77
29.00,0.64,28.77
29.00,0.63,28.78
29.00,0.63,28.78
29.00,0.63,28.78
29.00,0.63,28.79
29.00,0.62,28.79
29.00,0.62,28.80
29.00,0.61,28.80
29.00,0.61,28.80
29.00,0.61,28.81
29.00,0.61,28.81
29.00,0.60,28.82
29.00,0.60,28.82
29.00,0.59,28.83
29.00,0.59,28.83
29.00,0.59,28.83
29.00,0.59,28.84
29.00,0.58,28.84
29.00,0.58,28.84
29.00,0.58,28.84
29.00,0.58,28.85
29.00,0.57,28.85
29.00,0.57,28.86
29.00,0.56,28.86
29.00,0.56,28.86
29.00,0.56,28.87
29.00,0.56,28.87
29.00,0.55,28.88
29.00,0.55,28.88
29.00,0.55,28.88
29.00,0.55,28.88
29.00,0.54,28.89
29.00,0.54,28.89
29.00,0.53,28.90
29.00,0.53,28.90
29.00,0.54,28.90
29.00,0.54,28.91
29.00,0.52,28.91
29.00,0.52,28.91
29.00,0.53,28.91
29.00,0.53,28.92
29.00,0.51,28.92
29.00,0.51,28.93
29.00,0.51,28.93
29.00,0.51,28.93
29.00,0.51,28.93
29.00,0.51,28.94
29.00,0.50,28.94
29.00,0.50,28.94
29.00,0.49,28.95
29.00,0.49,28.95
29.00,0.49,28.95
29.00,0.49,28.95
29.00,0.48,28.96
29.00,0.48,28.96
29.00,0.48,28.96
29.00,0.48,28.96
29.00,0.47,28.97
29.00,0.47,28.97
29.00,0.47,28.97
29.00,0.47,28.97
29.00,0.47,28.98
29.00,0.47,28.98
29.00,0.46,28.98
29.00,0.46,28.99
29.00,0.46,28.99
29.00,0.46,28.99
29.00,0.45,28.99
29.00,0.45,29.00
29.00,0.44,29.00
29.00,0.44,29.00
29.00,0.44,29.00
29.00,0.44,29.01
29.00,0.43,29.01
29.00,0.43,29.01
29.00,0.43,29.01
29.00,0.43,29.01
29.00,0.43,29.02
29.00,0.43,29.02
29.00,0.42,29.02
29.00,0.42,29.03
29.00,0.42,29.03
29.00,0.42,29.03
29.00,0.41,29.03
29.00,0.41,29.03
29.00,0.41,29.04
29.00,0.41,29.04
29.00,0.40,29.04
29.00,0.40,29.04
29.00,0.40,29.04
29.00,0.40,29.05
29.00,0.40,29.05
29.00,0.40,29.05
29.00,0.39,29.05
29.00,0.39,29.05
29.00,0.38,29.06
29.00,0.38,29.06
29.00,0.38,29.06
29.00,0.38,29.06
29.00,0.38,29.06
29.00,0.38,29.07
29.00,0.37,29.07
29.00,0.37,29.07
29.00,0.37,29.07
29.00,0.37,29.07
29.00,0.36,29.07
29.00,0.36,29.08
29.00,0.36,29.08
29.00,0.36,29.08
29.00,0.36,29.08
29.00,0.36,29.08
29.00,0.35,29.08
29.00,0.35,29.08
29.00,0.35,29.09
29.00,0.35,29.09
29.00,0.34,29.09
29.00,0.34,29.09
29.00,0.34,29.09
29.00,0.34,29.09
29.00,0.34,29.09
29.00,0.34,29.10
29.00,0.33,29.10
29.00,0.33,29.10
29.00,0.33,29.10
29.00,0.33,29.10
29.00,0.33,29.10
29.00,0.33,29.11
29.00,0.32,29.11
29.00,0.32,29.11
29.00,0.32,29.11
29.00,0.32,29.11
29.00,0.31,29.11
29.00,0.31,29.11
29.00,0.31,29.11
29.00,0.31,29.11
29.00,0.31,29.12
29.00,0.31,29.12
29.00,0.30,29.12
29.00,0.30,29.12
29.00,0.30,29.12
29.00,0.30,29.12
29.00,0.30,29.12
29.00,0.30,29.12
29.00,0.30,29.12
29.00,0.30,29.13
29.00,0.29,29.13
29.00,0.29,29.13
29.00,0.29,29.13
29.00,0.29,29.13
29.00,0.29,29.13
29.00,0.29,29.13
29.00,0.28,29.13
29.00,0.28,29.13
29.00,0.28,29.13
29.00,0.28,29.13
29.00,0.28,29.14
29.00,0.28,29.14
29.00,0.27,29.14
29.00,0.27,29.14
29.00,0.27,29.14
29.00,0.27,29.14
29.00,0.27,29.14
29.00,0.27,29.14
29.00,0.26,29.14
29.00,0.26,29.14
29.00,0.26,29.14
29.00,0.26,29.14
29.00,0.26,29.15
29.00,0.26,29.15
29.00,0.26,29.15
29.00,0.26,29.15
29.00,0.25,29.15
29.00,0.25,29.15
29.00,0.25,29.15
29.00,0.25,29.15
29.00,0.25,29.15
29.00,0.25,29.15
29.00,0.25,29.15
29.00,0.25,29.15
29.00,0.24,29.15
29.00,0.24,29.15
29.00,0.24,29.15
29.00,0.24,29.15
29.00,0.24,29.15
29.00,0.24,29.15
29.00,0.24,29.16
29.00,0.24,29.16
29.00,0.23,29.16
29.00,0.23,29.16
29.00,0.23,29.16
29.00,0.23,29.16
29.00,0.23,29.16
29.00,0.23,29.16
29.00,0.23,29.16
29.00,0.23,29.16
29.00,0.22,29.16
29.00,0.22,29.16
29.00,0.22,29.16
29.00,0.22,29.16
29.00,0.22,29.16
29.00,0.22,29.16
29.00,0.22,29.16
29.00,0.22,29.16
29.00,0.21,29.16
29.00,0.21,29.16
29.00,0.21,29.16
29.00,0.21,29.16
29.00,0.21,29.16
29.00,0.21,29.16
29.00,0.21,29.16
29.00,0.21,29.16
29.00,0.21,29.16
29.00,0.21,29.16
29.00,0.20,29.16
29.00,0.20,29.16
29.00,0.20,29.16
29.00,0.20,29.16
29.00,0.20,29.17
29.00,0.20,29.17
29.00,0.20,29.17
29.00,0.20,29.17
29.00,0.20,29.17
29.00,0.20,29.17
29.00,0.20,29.17
29.00,0.20,29.17
29.00,0.19,29.17
29.00,0.19,29.17
29.00,0.19,29.17
29.00,0.19,29.17
29.00,0.19,29.17
29.00,0.19,29.17
29.00,0.19,29.17
29.00,0.19,29.17
29.00,0.19,29.17
29.00,0.19,29.17
29.00,0.18,29.17
29.00,0.18,29.17
29.00,0.18,29.17
29.00,0.18,29.17
29.00,0.18,29.17
29.00,0.18,29.17
29.00,0.18,29.17
29.00,0.18,29.17
29.00,0.18,29.17
29.00,0.18,29.17
29.00,0.18,29.17
29.00,0.18,29.17
29.00,0.18,29.17
29.00,0.18,29.17
29.00,0.17,29.17
29.00,0.17,29.17
29.00,0.17,29.17
29.00,0.17,29.17
29.00,0.17,29.17
29.00,0.17,29.17
29.00,0.17,29.17
29.00,0.17,29.16
29.00,0.17,29.16
29.00,0.17,29.16
29.00,0.17,29.16
29.00,0.17,29.16
29.00,0.17,29.16
29.00,0.17,29.16
29.00,0.16,29.16
29.00,0.16,29.16
29.00,0.16,29.16
29.00,0.16,29.16
29.00,0.16,29.16
29.00,0.16,29.16
29.00,0.16,29.16
29.00,0.16,29.16
29.00,0.16,29.16
29.00,0.16,29.16
29.00,0.16,29.16
29.00,0.16,29.16
29.00,0.16,29.16
29.00,0.16,29.16
29.00,0.16,29.16
29.00,0.16,29.16
29.00,0.16,29.16
29.00,0.16,29.16
29.00,0.15,29.16
29.00,0.15,29.16
29.00,0.15,29.16
29.00,0.15,29.16
29.00,0.15,29.16
29.00,0.15,29.16
29.00,0.15,29.16
29.00,0.15,29.16
29.00,0.15,29.16
29.00,0.15,29.16
29.00,0.15,29.16
29.00,0.15,29.16
29.00,0.15,29.16
29.00,0.15,29.16
29.00,0.15,29.16
29.00,0.15,29.15
29.00,0.15,29.15
29.00,0.15,29.15
29.00,0.15,29.15
29.00,0.15,29.15
29.00,0.15,29.15
29.00,0.15,29.15
29.00,0.14,29.15
29.00,0.14,29.15
29.00,0.14,29.15
29.00,0.14,29.15
29.00,0.14,29.15
29.00,0.14,29.15
29.00,0.14,29.15
29.00,0.14,29.15
29.00,0.14,29.15
29.00,0.14,29.15
29.00,0.14,29.15
29.00,0.14,29.15
29.00,0.14,29.15
29.00,0.14,29.15
29.00,0.14,29.15
29.00,0.14,29.15
29.00,0.14,29.15
29.00,0.14,29.15
29.00,0.14,29.15
29.00,0.14,29.15
29.00,0.14,29.14
29.00,0.14,29.14
29.00,0.14,29.14
29.00,0.14,29.14
29.00,0.14,29.14
29.00,0.14,29.14
29.00,0.14,29.14
29.00,0.14,29.14
29.00,0.14,29.14
29.00,0.14,29.14
29.00,0.14,29.14
29.00,0.14,29.14
29.00,0.13,29.14
29.00,0.13,29.14
29.00,0.13,29.14
29.00,0.13,29.14
29.00,0.13,29.14
29.00,0.13,29.14
29.00,0.13,29.14
29.00,0.13,29.14
29.00,0.13,29.14
29.00,0.13,29.14
29.00,0.13,29.14
29.00,0.13,29.13
29.00,0.13,29.13
29.00,0.13,29.13
29.00,0.13,29.13
29.00,0.13,29.13
29.00,0.13,29.13
29.00,0.13,29.13
29.00,0.13,29.13
29.00,0.13,29.13
29.00,0.13,29.13
29.00,0.13,29.13
29.00,0.13,29.13
29.00,0.13,29.13
29.00,0.13,29.13
29.00,0.13,29.13
29.00,0.13,29.13
29.00,0.13,29.13
29.00,0.13,29.13
29.00,0.13,29.13
29.00,0.13,29.12
29.00,0.13,29.12
29.00,0.13,29.12
29.00,0.13,29.12
29.00,0.13,29.12
29.00,0.13,29.12
29.00,0.13,29.12
29.00,0.13,29.12
29.00,0.13,29.12
29.00,0.13,29.12
29.00,0.13,29.12
29.00,0.13,29.12
29.00,0.13,29.12
29.00,0.13,29.12
29.00,0.13,29.12
29.00,0.13,29.12
29.00,0.13,29.12
29.00,0.13,29.12
29.00,0.13,29.12
29.00,0.13,29.12
29.00,0.13,29.11
29.00,0.13,29.11
29.00,0.13,29.11
29.00,0.13,29.11
29.00,0.13,29.11
29.00,0.13,29.11
29.00,0.13,29.11
29.00,0.13,29.11
29.00,0.13,29.11
29.00,0.13,29.11
29.00,0.13,29.11
29.00,0.13,29.11
29.00,0.13,29.11
29.00,0.13,29.11
29.00,0.13,29.11
29.00,0.13,29.11
29.00,0.13,29.11
29.00,0.13,29.11
29.00,0.13,29.11
29.00,0.13,29.11
29.00,0.13,29.10
29.00,0.13,29.10
29.00,0.13,29.10
29.00,0.13,29.10
29.00,0.13,29.10
29.00,0.13,29.10
29.00,0.13,29.10
29.00,0.13,29.10
29.00,0.13,29.10
29.00,0.13,29.10
29.00,0.13,29.10
29.00,0.13,29.10
29.00,0.13,29.10
29.00,0.13,29.10
29.00,0.13,29.10
29.00,0.13,29.10
29.00,0.13,29.10
29.00,0.13,29.10
29.00,0.13,29.10
29.00,0.13,29.10
29.00,0.13,29.09
29.00,0.13,29.09
29.00,0.13,29.09
29.00,0.13,29.09
29.00,0.13,29.09
29.00,0.13,29.09
29.00,0.13,29.09
29.00,0.13,29.09
29.00,0.13,29.09
29.00,0.13,29.09
29.00,0.13,29.09
29.00,0.13,29.09
29.00,0.13,29.09
29.00,0.13,29.09
29.00,0.13,29.09
29.00,0.13,29.09
29.00,0.13,29.09
29.00,0.13,29.09
29.00,0.13,29.09
29.00,0.13,29.09
29.00,0.13,29.08
29.00,0.13,29.08
29.00,0.13,29.08
29.00,0.13,29.08
29.00,0.13,29.08
29.00,0.13,29.08
29.00,0.13,29.08
29.00,0.13,29.08
29.00,0.13,29.08
29.00,0.13,29.08
29.00,0.13,29.08
29.00,0.13,29.08
29.00,0.13,29.08
29.00,0.13,29.08
29.00,0.13,29.08
29.00,0.13,29.08
29.00,0.13,29.08
29.00,0.13,29.08
29.00,0.13,29.08
29.00,0.13,29.08
29.00,0.13,29.08
29.00,0.13,29.07
29.00,0.13,29.07
29.00,0.13,29.07
29.00,0.13,29.07
29.00,0.13,29.07
29.00,0.13,29.07
29.00,0.13,29.07
29.00,0.13,29.07
29.00,0.13,29.07
29.00,0.13,29.07
29.00,0.13,29.07
29.00,0.13,29.07
29.00,0.13,29.07
29.00,0.13,29.07
29.00,0.13,29.07
29.00,0.13,29.07
29.00,0.13,29.07
29.00,0.13,29.07
29.00,0.13,29.07
29.00,0.13,29.07
29.00,0.13,29.07
29.00,0.13,29.06
29.00,0.13,29.06
29.00,0.13,29.06
29.00,0.13,29.06
29.00,0.13,29.06
29.00,0.13,29.06
29.00,0.13,29.06
29.00,0.13,29.06
29.00,0.13,29.06
29.00,0.13,29.06
29.00,0.13,29.06
29.00,0.13,29.06
29.00,0.13,29.06
29.00,0.13,29.06
29.00,0.13,29.06
29.00,0.13,29.06
29.00,0.13,29.06
29.00,0.13,29.06
29.00,0.13,29.06
29.00,0.13,29.06
29.00,0.13,29.06
29.00,0.13,29.06
29.00,0.14,29.06
29.00,0.14,29.05
29.00,0.13,29.05
29.00,0.13,29.05
29.00,0.14,29.05
29.00,0.14,29.05
29.00,0.14,29.05
29.00,0.14,29.05
29.00,0.14,29.05
29.00,0.14,29.05
29.00,0.14,29.05
29.00,0.14,29.05
29.00,0.14,29.05
29.00,0.14,29.05
29.00,0.14,29.05
29.00,0.14,29.05
29.00,0.14,29.05
29.00,0.14,29.05
29.00,0.14,29.05
29.00,0.14,29.05
29.00,0.14,29.05
29.00,0.14,29.05
29.00,0.14,29.05
29.00,0.14,29.05
29.00,0.14,29.05
29.00,0.14,29.05
29.00,0.14,29.04
29.00,0.14,29.04
29.00,0.14,29.04
29.00,0.14,29.04
29.00,0.14,29.04
29.00,0.14,29.04
29.00,0.14,29.04
29.00,0.14,29.04
29.00,0.14,29.04
29.00,0.14,29.04
29.00,0.14,29.04
29.00,0.14,29.04
29.00,0.14,29.04
29.00,0.14,29.04
29.00,0.14,29.04
29.00,0.14,29.04
29.00,0.14,29.04
29.00,0.14,29.04
29.00,0.14,29.04
29.00,0.14,29.04
29.00,0.14,29.04
29.00,0.14,29.04
29.00,0.14,29.04
29.00,0.14,29.04
29.00,0.14,29.04
29.00,0.14,29.04
29.00,0.14,29.04
29.00,0.14,29.04
29.00,0.14,29.04
29.00,0.14,29.03
29.00,0.14,29.03
29.00,0.14,29.03
29.00,0.14,29.03
29.00,0.14,29.03
29.00,0.14,29.03
29.00,0.14,29.03
29.00,0.14,29.03
29.00,0.14,29.03
29.00,0.14,29.03
29.00,0.14,29.03
29.00,0.14,29.03
29.00,0.14,29.03
29.00,0.15,29.03
29.00,0.15,29.03
29.00,0.15,29.03
29.00,0.15,29.03
29.00,0.15,29.03
29.00,0.15,29.03
29.00,0.15,29.03
29.00,0.15,29.03
29.00,0.15,29.03
29.00,0.15,29.03
29.00,0.15,29.03
29.00,0.15,29.03
29.00,0.15,29.03
29.00,0.15,29.03
29.00,0.15,29.03
29.00,0.15,29.03
29.00,0.15,29.03
29.00,0.15,29.03
29.00,0.15,29.03
29.00,0.15,29.02
29.00,0.15,29.02
29.00,0.15,29.02
29.00,0.15,29.02
29.00,0.15,29.02
29.00,0.15,29.02
29.00,0.15,29.02
29.00,0.15,29.02
29.00,0.15,29.02
29.00,0.15,29.02
29.00,0.15,29.02
29.00,0.15,29.02
29.00,0.15,29.02
29.00,0.15,29.02
29.00,0.15,29.02
29.00,0.15,29.02
29.00,0.15,29.02
29.00,0.15,29.02
29.00,0.15,29.02
29.00,0.15,29.02
29.00,0.15,29.02
29.00,0.15,29.02
29.00,0.15,29.02
29.00,0.15,29.02
29.00,0.15,29.02
29.00,0.15,29.02
29.00,0.15,29.02
29.00,0.15,29.02
29.00,0.15,29.02
29.00,0.15,29.02
29.00,0.15,29.02
29.00,0.15,29.02
29.00,0.15,29.02
29.00,0.15,29.02
29.00,0.15,29.02
29.00,0.15,29.02
29.00,0.15,29.02
29.00,0.15,29.02
29.00,0.15,29.02
29.00,0.15,29.02
29.00,0.15,29.01
29.00,0.15,29.01
29.00,0.15,29.01
29.00,0.15,29.01
29.00,0.15,29.01
29.00,0.15,29.01
29.00,0.15,29.01
29.00,0.16,29.01
29.00,0.16,29.01
29.00,0.16,29.01
29.00,0.16,29.01
29.00,0.16,29.01
29.00,0.16,29.01
29.00,0.16,29.01
29.00,0.16,29.01
29.00,0.16,29.01
29.00,0.16,29.01
29.00,0.16,29.01
29.00,0.16,29.01
29.00,0.16,29.01
29.00,0.16,29.01
29.00,0.16,29.01
29.00,0.16,29.01
29.00,0.16,29.01
29.00,0.16,29.01
29.00,0.16,29.01
29.00,0.16,29.01
29.00,0.16,29.01
29.00,0.16,29.01
29.00,0.16,29.01
29.00,0.16,29.01
29.00,0.16,29.01
29.00,0.16,29.01
29.00,0.16,29.01
29.00,0.16,29.01
29.00,0.16,29.01
29.00,0.16,29.01
29.00,0.16,29.01
29.00,0.16,29.01
29.00,0.16,29.01
29.00,0.16,29.01
29.00,0.16,29.01
29.00,0.16,29.01
29.00,0.16,29.01
29.00,0.16,29.01
29.00,0.16,29.01
29.00,0.16,29.01
29.00,0.16,29.01
29.00,0.16,29.01
29.00,0.16,29.01
29.00,0.16,29.01
29.00,0.16,29.01
29.00,0.16,29.01
29.00,0.16,29.00
29.00,0.16,29.00
29.00,0.16,29.00
29.00,0.16,29.00
29.00,0.16,29.00
29.00,0.16,29.00
29.00,0.16,29.00
29.00,0.16,29.00
29.00,0.16,29.00
29.00,0.16,29.00
29.00,0.16,29.00
29.00,0.16,29.00
29.00,0.16,29.00
29.00,0.16,29.00
29.00,0.16,29.00
29.00,0.16,29.00
29.00,0.16,29.00
29.00,0.16,29.00
29.00,0.16,29.00
29.00,0.16,29.00
29.00,0.16,29.00
29.00,0.16,29.00
29.00,0.16,29.00
29.00,0.16,29.00
29.00,0.16,29.00
29.00,0.16,29.00
29.00,0.16,29.00
29.00,0.16,29.00
29.00,0.17,29.00
29.00,0.17,29.00
29.00,0.16,29.00
29.00,0.16,29.00
29.00,0.17,29.00
29.00,0.17,29.00
29.00,0.17,29.00
29.00,0.17,29.00
29.00,0.17,29.00
29.00,0.17,29.00
29.00,0.17,29.00
29.00,0.17,29.00
29.00,0.17,29.00
29.00,0.17,29.00
29.00,0.17,29.00
29.00,0.17,29.00
29.00,0.17,29.00
29.00,0.17,29.00
29.00,0.17,29.00
29.00,0.17,29.00
29.00,0.17,29.00
29.00,0.17,29.00
29.00,0.17,29.00
29.00,0.17,29.00
29.00,0.17,29.00
29.00,0.17,29.00
29.00,0.17,29.00
29.00,0.17,29.00
29.00,0.17,29.00
29.00,0.17,29.00
29.00,0.17,29.00
29.00,0.17,29.00
29.00,0.17,29.00
29.00,0.17,29.00
29.00,0.17,29.00
29.00,0.17,29.00
29.00,0.17,29.00
29.00,0.17,29.00
29.00,0.17,29.00
29.00,0.17,29.00
29.00,0.17,29.00
29.00,0.17,29.00
